time,main_reservoir.storage,main_tunnel.output,surge_tank.storage,pressure_pipe_1.output,pressure_pipe_2.output,high_level_tank.storage,final_channel.output
0.0,549.0,43.60869565217392,99.0,39.30749212820004,31.912441506009404,110.9124415060094,9.478260869565219
1.0,597.902,25.095958412098305,98.01,38.66528602898858,28.64870942435153,138.1747454115358,7.965973534971646
2.0,646.7061960000001,14.674820493794696,97.02990000000001,38.06774921043542,25.254910860277214,161.70247195416883,7.111202432810061
3.0,695.412783608,8.827110069362222,96.05960100000001,37.50999093523538,21.76909954461392,181.45029059935564,6.628070940283948
4.0,744.021958040784,5.5642954064068215,95.09900499000001,36.98774810664561,18.223036486738504,197.4051984536022,6.354996618421362
5.0,792.5339141247025,3.762423956610669,94.14801494010001,36.497291494645594,14.643654291632485,209.58128776456465,6.200650262585988
6.0,840.9488462964531,2.786218362315561,93.20653479069901,36.03534817464734,11.0542616313145,218.0157832988221,6.113411017983385
7.0,889.2669486038602,2.2766089819837765,92.27446944279203,35.59903698619473,7.475533104573497,222.7661191121603,6.06410187972974
8.0,937.4884147066525,2.0306435785027217,91.3517247483641,35.185814521634704,3.926329041053554,223.90787166431187,6.036231497238549
9.0,985.6134378772392,1.9336101864882322,90.43820750088047,34.79342968740379,0.4243850222446673,221.53340829075265,6.020478672352224
10.0,1033.6422110014848,1.9206717764131997,89.53382542587165,34.41988528790504,-3.0130952257236814,215.75114546139457,6.011574901764301
11.0,1081.5749265794818,1.9551814995505157,88.63848717161294,34.063405395959485,-6.3391850760655855,206.71507106706156,6.006542335779823
12.0,1129.4117767263228,2.016426087289321,87.7521022998968,33.72240751772729,-9.463960394640091,194.6671722840832,6.003697841962509
13.0,1177.1529531728702,2.0926982072709506,86.87458127689784,33.395478750817155,-12.307374558572102,179.92645807196004,6.002090084587506
14.0,1224.7986472665245,2.177380838596874,86.00583546412886,33.08135528460802,-14.804106828507658,162.8732705175529,6.001181352158156
15.0,1272.3490499719915,2.2667340925990738,85.14577710948758,32.77890471096111,-16.90619974470122,143.93115489138228,6.000667720785045
16.0,1319.8043518720474,2.3586442854500547,84.29431933839271,32.48711070853689,-18.58390720703497,123.54810824820503,6.000377407400244
17.0,1367.1647431683034,2.4519168922474295,83.45137614500878,32.20505974017383,-19.824900551427586,102.17885634367488,6.000213317226225
18.0,1414.430413681967,2.5458769123667424,82.6168623835587,31.931929464288842,-20.632214345207245,80.2694062941717,6.000120570606128
19.0,1461.601552854603,2.6401429890093784,81.79069375972311,31.666978611136134,-21.021425122466205,58.24461359302835,6.000068148603464
20.0,1508.6783497488937,2.7344997376433513,80.97278682212588,31.4095381154124,-21.017547741584252,36.49900818153124,6.000038518775872
21.0,1555.6609930493958,2.8288255838183205,80.16305895390462,31.159003329989815,-20.65204095801755,15.390729621244546,6.0000217714820145
22.0,1602.549671063297,2.9230519758443068,79.36142836436558,30.91482717295097,-19.960182838011654,-4.7618373370326665,6.000012305620269
23.0,1649.3445717211703,3.0171403310890135,78.56781408072193,30.676514082738038,-18.97894759742163,-23.68126196774139,6.000006955350587
24.0,1696.045882577728,3.111069005624798,77.78213593991471,30.44361467501638,-17.745412507295757,-41.13065870044038,6.000003931285114
25.0,1742.6537908125724,3.2048259292471797,77.00431458051557,30.215721010509412,-16.295655145772642,-56.91218061245752,6.000002222030718
26.0,1789.1684832309472,3.2984044426598684,76.23427143471041,29.992462396159173,-14.664065018055007,-70.86484337285681,6.000001255930406
27.0,1835.5901462644854,3.39180094458,75.47192872036331,29.773501652965713,-12.882981619288863,-82.86201444998497,6.000000709873708
28.0,1881.9189659719564,3.485013561841747,74.71720943315968,29.558531793127454,-10.98257457318276,-92.80881384254292,6.000000401232966
29.0,1928.1551280400124,3.578041397716402,73.97003733882808,29.34727305694321,-8.990893103246966,-100.6395967727581,6.00000022678385
30.0,1974.2988177839325,3.6708841070504654,73.2303369654398,29.139470266587736,-6.934026526813959,-106.31562833991258,6.000000128182177
31.0,2020.3502201483645,3.7635416561269492,72.4980335957854,28.934890459533953,-4.836331519522513,-109.82301450518618,6.000000072450796
32.0,2066.309519708068,3.8560141869354605,71.77305325982755,28.733320769228808,-2.7206939721702605,-111.17092079604161,6.00000004095045
33.0,2112.176900668652,3.948301940455935,71.05532272722927,28.534566524769367,-0.608802776502134,-110.39008706259322,6.0000000231459065
34.0,2157.9525468673146,4.040405213297914,70.34476949995697,28.338449544880355,1.4785801602432302,-107.53163081406758,6.000000013082469
35.0,2203.63664177358,4.132324333192953,69.6413218049574,28.14480660455557,3.514205326826506,-102.67328010206523,6.00000000739444
36.0,2249.229368490033,4.224059645143143,68.94490858690783,27.953488055368325,5.452334913821972,-95.93752918696745,6.0000000041794666
37.0,2294.730909753053,4.31561150359266,68.25545950103876,27.76435658274364,7.24991109983501,-87.48839897229536,6.000000002362308
38.0,2340.1414479335467,4.4069802680036245,67.57290490602837,27.57728608546914,8.869487462351815,-77.52530652278985,6.000000001335218
39.0,2385.4611650376796,4.498166300356138,66.89717585696809,27.392160664447665,10.280508469907993,-66.27573172134699,6.000000000754689
40.0,2430.6902427076043,4.589169963735893,66.22820409839841,27.20887370919833,11.460066815378752,-53.987218259451396,6.000000000426564
41.0,2475.828862222189,4.679991621536511,65.56592205741443,27.027327071926457,12.393126515702356,-40.9192515155059,6.000000000241101
42.0,2520.8772044977445,4.770631637009315,64.91026283684027,26.84743032013215,13.07226290723473,-27.335497964327345,6.000000000136275
43.0,2565.835450088749,4.861090373009488,64.26116020847188,26.669100059735243,13.497016855223888,-13.496787384549364,6.0000000000770255
44.0,2610.7037791885714,4.951368191853229,63.61854860638716,26.492259321579656,13.672984519395868,0.3449069771533715,6.000000000043537
45.0,2655.4823716301944,5.041465455237647,62.982363120323285,26.316837004959343,13.610766467210972,13.951362107149926,6.000000000024608
46.0,2700.171406886934,5.131382524196113,62.352539489120055,26.142767372494838,13.3248856243657,27.101855705176252,6.000000000013909
47.0,2744.7710640731602,5.221119759073644,61.72901409422885,25.969989591295686,12.832759264844631,39.595841773706184,6.000000000007862
48.0,2789.281521945014,5.310677519513627,61.111723953286564,25.798447315880434,12.153782566348115,51.25467631788297,6.0000000000044444
49.0,2833.702958901124,5.400056164450934,60.5006067137537,25.62808830880064,11.308555251544954,61.92254811545438,6.000000000002513
50.0,2878.035552983322,5.489256052108656,59.89560064661616,25.458864095336626,10.318261527838143,71.46677779184935,6.000000000001421
51.0,2922.279481877355,5.578277539996879,59.29664464015,25.290729649006806,9.204198088348969,79.7776411578002,6.000000000000804
52.0,2966.4349229136005,5.6671209849126125,58.7036781937485,25.123643104964913,7.98743515299086,86.76785579631856,6.000000000000455
53.0,3010.5020530677734,5.755786742940372,58.11664141181102,24.957565498655786,6.688590451239892,92.37184805010446,6.000000000000258
54.0,3054.481048961638,5.844275169453126,57.53547499769291,24.792460527364437,5.327694434070335,96.5448943835485,6.000000000000146
55.0,3098.3720868637147,5.932586619113447,56.96012024771598,24.628294332528593,3.9241256459965634,99.2622088497507,6.000000000000083
56.0,3142.1753426899872,6.020721445874784,56.39051904523882,24.465035300895664,2.4965970895487657,100.51802832867759,6.000000000000047
57.0,3185.890992004607,6.108680002982789,55.82661385478643,24.302653882793273,1.063176834526739,100.32472980909586,6.000000000000027
58.0,3229.5192100205977,6.196462642976684,55.268347716238566,24.141122425951195,-0.3586714290030079,98.71199925747915,6.000000000000016
59.0,3273.0601716005567,6.2840697176906515,54.71566423907618,23.98041502346361,-1.7516187243918184,95.72648054236885,6.000000000000009
60.0,3316.5140512573557,6.371501578255225,54.16850759668542,23.82050737461613,-3.0900670377980206,91.43983249779122,6.000000000000005
61.0,3359.881023154841,6.45875857509869,53.62682252071857,23.66137665742388,-4.346564888209075,85.95026970335975,6.0000000000000036
62.0,3403.161261108531,6.545841057948479,53.09055429551138,23.503001411836152,-5.4964039197176735,79.37948741235007,6.000000000000003
63.0,3446.354938586314,6.632749375832574,52.55964875255627,23.345361432661665,-6.518358423864325,71.86888539583137,6.000000000000002
64.0,3489.462228709141,6.719483877080904,52.03405226503071,23.188437671356965,-7.39521459979045,63.57530972859303,6.000000000000002
65.0,3532.483304251723,6.806044909326739,51.5137117423804,23.03221214590028,-8.11407025677426,54.66654810021135,6.000000000000002
66.0,3575.4183376432197,6.892432819508084,50.998574624956596,22.876667858045128,-8.666408640277705,45.316807608681,6.000000000000002
67.0,3618.2675009679333,6.978647953869067,50.48858887870703,22.72178871731276,-9.04796987674829,35.7023776368242,6.000000000000002
68.0,3661.0309659659974,7.064690657961329,49.983702989919955,22.56755947114129,-9.258457785688163,25.997640130675737,6.000000000000002
69.0,3703.7089040340657,7.150561276645406,49.48386596002076,22.413965640662084,-9.301127454338488,16.371542174703805,6.000000000000002
70.0,3746.3014862259975,7.236260154092116,48.98902730042055,22.260993461622018,-9.182300267969165,6.9845976295508425,6.000000000000002
71.0,3788.8088832535454,7.321787633783932,48.499137027416346,22.10862983001341,-8.910849257770272,-2.0135590985888143,6.000000000000002
72.0,3831.2312654870384,7.407144058516364,48.01414565714218,21.956862252012634,-8.497690382918336,-10.48607999277479,6.000000000000002
73.0,3873.5688029560642,7.492329770399331,47.534004200570756,21.805678797863994,-7.9553064655346875,-18.310310458399794,6.000000000000002
74.0,3915.821665350152,7.577345110858532,47.05866415856505,21.655068059377452,-7.297321435459871,-25.378753013129668,6.000000000000002
75.0,3957.9900220194518,7.662190420636815,46.5880775169794,21.505019110738182,-6.538134368217709,-31.599652968683255,6.000000000000002
76.0,4000.074041975413,7.746866039795542,46.12219674180961,21.355521472352212,-5.692616106612348,-36.897273413187065,6.000000000000002
77.0,4042.073893891462,7.8313723077159505,45.66097477439151,21.206565077476554,-4.775866245965092,-41.21192374148732,6.000000000000002
78.0,4083.989746103679,7.915709563100518,45.204365026647594,21.058140241404015,-3.8030248583448576,-44.49979955306358,6.000000000000002
79.0,4125.8217666114715,7.999878143974317,44.75232137638112,20.910237632992708,-2.789131292397081,-46.73268335104737,6.000000000000002
80.0,4167.570123078249,8.083878387686369,44.30479816261731,20.762848248348355,-1.7490214052940611,-47.89754621445334,6.000000000000002
81.0,4209.234982832092,8.167710630910996,43.86175018099114,20.61596338648383,-0.6972543547616732,-47.99608124153435,6.000000000000002
82.0,4250.816512866428,8.251375209649174,43.42313267918123,20.469574626795396,0.3519396649986203,-47.04419056101655,6.000000000000002
83.0,4292.314879840695,8.334872459229874,42.98890135238942,20.323673808208575,1.384293207173233,-45.07184497183061,6.000000000000002
84.0,4333.730250081013,8.418202714311416,42.55901233886553,20.178253009859116,2.3808875561273832,-42.12755935355534,6.000000000000002
85.0,4375.062789580851,8.501366308882792,42.13342221547688,20.0333045331857,3.322338202485943,-38.27862665914996,6.000000000000002
86.0,4416.312664001689,8.584363576265027,41.71208799332211,19.88882088532137,4.190942178140777,-33.60920164776981,6.000000000000002
87.0,4457.480038673685,8.667194849112496,41.294967113388886,19.744794763680076,4.9711505518094325,-28.217936075363255,6.000000000000002
88.0,4498.565078596338,8.74986045941427,40.882017442255,19.601219041643226,5.6499313428780535,-22.21528053154316,6.000000000000002
89.0,4539.567948439146,8.832360738495442,40.47319726783245,19.458086755259046,6.2170096778685675,-15.720579847030304,6.000000000000002
90.0,4580.488812542268,8.91469601701845,40.06846529515412,19.31539109087464,6.664982595845115,-8.859090003097311,6.000000000000002
91.0,4621.327834917183,8.996866624984413,39.66778064220258,19.173125373627165,6.989315666003648,-1.7590357120549465,6.000000000000002
92.0,4662.085179247349,9.078872891734445,39.27110283578055,19.031283056726544,7.18823641805594,5.45118865240168,6.000000000000002
93.0,4702.761008888854,9.160715145950977,38.878391807422744,18.88985771146757,7.262544847427999,12.645593641674658,6.000000000000002
94.0,4743.355486871076,9.242393715659075,38.48960788934852,18.74884301791424,7.215363764720871,19.702887485874594,6.000000000000002
95.0,4783.868775897334,9.323908928227757,38.104711810455036,18.608232756203744,7.051851750157354,26.508453142458517,6.000000000000002
96.0,4824.301038345539,9.405261110371303,37.72366469235049,18.468020798421694,6.778899473303433,32.95599695148122,6.000000000000002
97.0,4864.652436268849,9.486450588150559,37.34642804542698,18.32820110100402,6.404826805720478,38.94887379530818,6.000000000000002
98.0,4904.923131396311,9.567477686974257,36.97296376497271,18.188767697624474,5.939094148186649,44.40110702105348,6.000000000000002
99.0,4945.113285133519,9.648342731600309,36.603234127322985,18.04971469252987,5.39203727608907,49.23813045937938,6.000000000000002
100.0,4985.2230585632515,9.729046046137109,36.23720178604975,17.91103625428816,4.77463118973436,53.39728501837149,6.000000000000002
101.0,5045.252612446125,9.809587954044837,35.87482976818926,17.77272660991711,4.098285195520429,56.82810415116228,6.000000000000002
102.0,5105.162107221232,9.895186169441093,35.516081470507366,17.634780039363907,3.374668853912932,59.492421703185684,6.000000000000002
103.0,5164.95178300679,9.995736061752494,35.16092065580229,17.497190870308117,2.6155665188123636,61.364332950708224,6.000000000000002
104.0,5224.621879440776,10.104632565300887,34.80931144924427,17.359953473262745,1.832756898078286,62.430035686902656,6.000000000000002
105.0,5284.1726356818945,10.218142590767446,34.46121833475183,17.22306225694984,1.037913287990531,62.6875735288069,6.000000000000002
106.0,5343.604290410531,10.334156339401698,34.116606151404305,17.086511663928974,0.2425197659536281,62.146498625650445,6.000000000000002
107.0,5402.91708182971,10.451481524097034,33.77544008989026,16.950296166458465,-0.5422014363916993,60.82746595643812,6.000000000000002
108.0,5462.11124766605,10.569444450869007,33.43768568899136,16.814410262570796,-1.3043932664551448,58.7627293655275,6.000000000000002
109.0,5521.187025170718,10.687664543169973,33.10330883210145,16.67884847234489,-2.029918617521805,55.9982766309366,6.000000000000002
110.0,5580.144651120377,10.805926899111247,32.77227574378043,16.54360533435928,-2.70547612022131,52.59282205282858,6.000000000000002
111.0,5638.984361818136,10.9241102585895,32.44455298634263,16.408675402311346,-3.319121035407596,48.61629074176063,6.000000000000002
112.0,5697.7063930945,11.042146289054678,32.120107456479204,16.27405324178871,-3.8605340361533846,44.148053071335234,6.000000000000002
113.0,5756.310980308311,11.159996573118772,31.79890638191441,16.1397334271801,-4.321220586089871,39.27498182185367,6.000000000000002
114.0,5814.798358347694,11.27763960155291,31.480917318095266,16.005710538713608,-4.694636439499149,34.08940810958135,6.000000000000002
115.0,5873.168761630999,11.395063421503929,31.16610814491431,15.871979159611312,-4.976239996050864,28.687050512160717,6.000000000000002
116.0,5931.422424107737,11.51226148113934,30.85444706346517,15.738533873349827,-5.1634768339490735,23.164985546809632,6.000000000000002
117.0,5989.559579259521,11.62923028096921,30.54590259283052,15.605369261017135,-5.2557053155824205,17.619717911892092,6.000000000000002
118.0,6047.580460101002,11.74596804633327,30.240443566902215,15.472479898756637,-5.2540744912191615,12.14539694677428,6.000000000000002
119.0,6105.4852991808,11.86247397706834,29.938039131233193,15.33986035528997,-5.161366587615374,6.8322128973242275,6.000000000000002
120.0,6163.274328582439,11.978747823408142,29.63865873992086,15.207505189510627,-4.981816284759666,1.7649939513480088,6.000000000000002
121.0,6220.9477799252745,12.094789646275292,29.34227215252165,15.075408948140975,-4.720917986734091,-2.9779864597779317,6.000000000000002
122.0,6278.505884365424,12.210599681794982,29.048849430996434,14.943566163445666,-4.385230663799932,-7.32599229283064,6.000000000000002
123.0,6335.948872596693,12.326178264716573,28.75836093668647,14.81197135099485,-3.982187865403792,-11.216605254574048,6.000000000000002
124.0,6393.276974851499,12.441525785130938,28.470777327319603,14.680619007470986,-3.5199184258167096,-14.596316114708582,6.000000000000002
125.0,6450.490420901796,12.556642664007171,28.186069554046405,14.54950360851342,-3.007081397820242,-17.420943561094965,6.000000000000002
126.0,6507.589440059993,12.671529339366305,27.904208858505942,14.418619606595152,-2.4527169853997304,-19.65589875198101,6.000000000000002
127.0,6564.574261179872,12.786186258467264,27.625166769920884,14.28796142892653,-1.8661137761570727,-21.27631379373832,6.000000000000002
128.0,6621.445112657512,12.900613873391027,27.348915102221675,14.15752347538092,-1.2566914233907949,-22.267051294707386,6.000000000000002
129.0,6678.202222432197,13.014812638545507,27.075425951199456,14.02730011643752,-0.6338970880216123,-22.622610241545157,6.000000000000002
130.0,6734.845817987333,13.128783009256086,26.80467169168746,13.897285691136846,-0.007113392590676895,-22.34694100611652,6.000000000000002
131.0,6791.376126351359,13.242525440969734,26.536624974770586,13.767474505044486,0.6144246753298661,-21.453179568210196,6.000000000000002
132.0,6847.793374098656,13.356040388805974,26.27125872502288,13.637860828218944,1.2204702924763473,-19.96454453113122,6.000000000000002
133.0,6904.097787350459,13.469328307303854,26.00854613777265,13.508438893179598,1.7999208048982263,-17.915066919593855,6.000000000000002
134.0,6960.289591775758,13.582389650279742,25.748460676394924,13.379202892870827,2.3423976339027095,-15.348730949196222,6.000000000000002
135.0,7016.369012592207,13.695224870747724,25.490976069630975,13.250146978618597,2.8384853862496833,-12.318386426081586,6.000000000000002
136.0,7072.336274567022,13.807834420875404,25.236066308934664,13.121265258075814,3.2799329262645043,-8.884473669491062,6.000000000000002
137.0,7128.191602017888,13.920218751959709,24.983705645845316,12.992551793152929,3.659809809280622,-5.113607939341801,6.000000000000002
138.0,7183.935218813852,14.032378314413995,24.733868589386862,12.864000597930259,3.972614332584626,-1.0770735075154025,6.000000000000002
139.0,7239.567348376224,14.144313557761542,24.486529903492993,12.735605636548666,4.214332534729113,3.150722446057653,6.000000000000002
140.0,7295.088213679472,14.256024930632666,24.241664604458062,12.60736082107521,4.382450302951174,7.493788718433106,6.000000000000002
141.0,7350.498037252113,14.367512880763854,23.99924795841348,12.479260009340456,4.475923093672617,11.876039453125308,6.000000000000002
142.0,7405.797041177609,14.47877785499806,23.759255478829346,12.351297002744179,4.495109479676131,16.222698439637373,6.000000000000002
143.0,7460.985447095253,14.589820299285654,23.521662924041053,12.22346554402619,4.441675749057516,20.46159045819942,6.000000000000002
144.0,7516.063476201063,14.700640658685721,23.28644629480064,12.095759314999032,4.3184791196223395,24.524299697094268,6.000000000000002
145.0,7571.031349248661,14.811239377367581,23.053581831852632,11.968171934239315,4.129436887856573,28.34718283873716,6.000000000000002
146.0,7625.889286550164,14.92161689861241,22.823046013534107,11.840696954734426,3.879388134874529,31.872231188127476,6.000000000000002
147.0,7680.637507977063,15.03177366481494,22.594815553398767,11.713327861481329,3.57395361010605,35.047781908381936,6.000000000000002
148.0,7735.276232961109,15.141710117485172,22.36886739786478,11.586058069034186,3.2193982497045206,37.82908288423168,6.000000000000002
149.0,7789.805680495187,15.251426697250121,22.145178723886133,11.45888091899742,2.8224995843025846,40.17871893248137,6.000000000000002
150.0,7844.226069134196,15.360923843855575,21.92372693664727,11.331789677460876,2.390424146095088,42.06690909192044,6.000000000000002
151.0,7898.537616995928,15.47020199616784,21.704489667280797,11.204777532373614,1.9306129650784678,43.4716856933499,6.000000000000002
152.0,7952.740541761937,15.57926159217549,21.48744477060799,11.077837590852848,1.4506763880698317,44.37896601025285,6.000000000000002
153.0,8006.835060678412,15.688103068991133,21.27257032290191,10.950962876424455,0.9582977787714834,44.782526713896175,6.000000000000002
154.0,8060.821390557056,15.796726862853145,21.05984461967289,10.824146326191391,0.4611451629138409,44.68389029288631,6.000000000000002
155.0,8114.699747775941,15.905133409127435,20.84924617347616,10.697380787926274,-0.0332104410932886,44.09213122313194,6.000000000000002
156.0,8168.47034828039,16.01332314230918,20.6407537117414,10.570659017084282,-0.5173678228847401,43.02361175995805,6.000000000000002
157.0,8222.13340758383,16.12129649602456,20.434346174623986,10.443973673732406,-0.9833061370328694,41.5025104759257,6.000000000000002
158.0,8275.689140768662,16.229053903032508,20.230002712877745,10.317317319390993,-1.4227849656161449,39.560944129360486,6.000000000000002
159.0,8329.137762487124,16.336595795226444,20.027702685748967,10.190682413783355,-1.8282202913317804,37.238212036411696,6.000000000000002
160.0,8382.47948696215,16.44392260363599,19.827425658891478,10.064061311489105,-2.19284186849063,34.57989251746592,6.000000000000002
161.0,8435.714527988224,16.551034758428717,19.629151402302565,9.937446258496733,-2.5108222715283333,31.636821589469264,6.000000000000002
162.0,8488.843098932248,16.65793268891186,19.432859888279538,9.810829388650738,-2.7773742751330914,28.463987044467807,6.000000000000002
163.0,8541.865412734383,16.764616823534038,19.238531289396743,9.684202719988512,-2.9888150599008534,25.119372146511104,6.000000000000002
164.0,8594.781681908915,16.87108758988697,19.046145976502775,9.557558150961944,-3.1425975244188398,21.662782470260876,6.000000000000002
165.0,8647.592118545097,16.977345414707194,18.855684516737746,9.430887456538539,-3.2373105728487204,18.154687116533893,6.000000000000002
166.0,8700.296934308008,17.08339072387778,18.66712767157037,9.304182284176623,-3.272651526840252,14.655102000736967,6.000000000000002
167.0,8752.89634043939,17.189223942430026,18.480456394854667,9.177434149668999,-3.2493747172274072,11.222538508500348,6.000000000000002
168.0,8805.390547758512,17.294845494545164,18.29565183090612,9.05063443284917,-3.169220825533099,7.913035951610994,6.000000000000002
169.0,8857.779766662996,17.400255803556075,18.112695312597058,8.923774373153996,-3.0348316893035627,4.779291312912294,6.000000000000002
170.0,8910.06420712967,17.505455291948962,17.931568359471086,8.796845065036385,-2.849655110770722,1.869895060730168,6.000000000000002
171.0,8962.24407871541,17.610444381365063,17.752252675876374,8.669837453221337,-2.617843786227442,-0.7713224137564008,6.000000000000002
172.0,9014.31959055798,17.715223492602334,17.57473014911761,8.542742327798376,-2.344151882102585,-3.1058327656870306,6.000000000000002
173.0,9066.290951376865,17.819793045617132,17.398982847626435,8.415550319143033,-2.033832099090982,-5.100841955206924,6.000000000000002
174.0,9118.158369474111,17.924153459525897,17.22499301915017,8.288251892659794,-1.6925353547232187,-6.729616785490056,6.000000000000002
175.0,9169.922052735163,18.028305152606848,17.052743088958668,8.160837343338475,-1.3262145312306377,-7.9717111069020685,6.000000000000002
176.0,9221.582208629692,18.132248542301635,16.882215658069082,8.033296790115688,-0.9410331187998316,-8.813097836865625,6.000000000000002
177.0,9273.139044212432,18.235984045217034,16.71339350148839,7.905620170032607,-0.5432790598733572,-9.246213173778163,6.000000000000002
178.0,9324.592766124008,18.3395120771266,16.546259566473505,7.777797232179851,-0.13928368179711567,-9.269919190903051,6.000000000000002
179.0,9375.94358059176,18.442833052972347,16.38079697080877,7.649817531419833,0.26465470260120744,-8.889390498415557,6.000000000000002
180.0,9427.191693430577,18.545947386866402,16.216989001100682,7.521670421876465,0.6621137725322127,-8.11615934465315,6.000000000000002
181.0,9478.337310043717,18.648855492092668,16.054819111089675,7.39334505018159,1.0461013794036773,-6.968605973441308,6.000000000000002
182.0,9529.38063542363,18.75155778110848,15.894270919978778,7.264830348466978,1.4099170667230283,-5.471581332050263,6.000000000000002
183.0,9580.321874152782,18.854054665546265,15.73532821077899,7.136115027090178,1.7473557852996904,-3.6558307800999446,6.000000000000002
184.0,9631.161230404476,18.956346556215173,15.5779749286712,7.007187567081896,2.052831828114292,-1.5573010672344032,6.000000000000002
185.0,9681.898907943667,19.058433863102742,15.422195179384488,6.878036212301929,2.3214827682966024,0.7836479644026291,6.000000000000002
186.0,9732.53511012778,19.16031699537654,15.267973227590643,6.7486489612900415,2.549250786778724,3.3231031516263205,6.000000000000002
187.0,9783.070039907523,19.261996361385787,15.115293495314736,6.61901355879742,2.7329399756155506,6.014504337846542,6.000000000000002
188.0,9833.503899827709,19.363472368663015,14.964140560361589,6.489117486983598,2.8702493960685347,8.809572429691995,6.000000000000002
189.0,9883.836892028054,19.464745423925685,14.814499154757973,6.358947956262951,2.9597827656049116,11.659235539925756,6.000000000000002
190.0,9934.069218243998,19.565815933077833,14.666354163210393,6.228491895783967,3.0010365717101135,14.514531667386798,6.000000000000002
191.0,9984.20107980751,19.666684301211678,14.519690621578288,6.097735943523641,2.99436911395929,17.327469135503755,6.000000000000002
192.0,10034.232677647895,19.767350932609254,14.374493715362505,5.966666435978324,2.9409534366242602,20.05182920793422,6.000000000000002
193.0,10084.164212292599,19.86781623074404,14.230748778208879,5.835269397431374,2.842717334431716,22.64389867726676,6.000000000000002
194.0,10133.995883868014,19.96808059828255,14.08844129042679,5.703530528776841,2.702273616543369,25.063123560344295,6.000000000000002
195.0,10183.727892100278,20.068144437085987,13.947556877522523,5.571435195877261,2.522843635412859,27.27267815125285,6.000000000000002
196.0,10233.360436316078,20.168008148211815,13.808081308747298,5.438968417432411,2.3081767728927347,29.239946447254926,6.000000000000002
197.0,10282.893715443446,20.26767213191539,13.670000495659824,5.306114852334555,2.0624681729168253,30.936915289581066,6.000000000000002
198.0,10332.327928012559,20.36713678765156,13.533300490703226,5.172858786484296,1.7902765627324808,32.34048041119378,6.000000000000002
199.0,10381.663272156533,20.466402514076258,13.397967485796194,5.03918411903971,1.496443551574423,33.43266795762828,6.000000000000002
200.0,10430.89994561222,20.565469709048102,13.263987810938232,4.905074348069777,1.1860153677596523,34.20077497591758,6.000000000000002
201.0,10460.038145720995,20.664338769630007,13.13134793282885,4.770512555581498,0.8641676151726425,34.63743290389125,6.000000000000002
202.0,10489.118069429553,20.757792700786396,13.000034453500563,4.635481391888236,0.5361333130136254,34.740598305606234,6.000000000000002
203.0,10518.139833290694,20.83593685073454,12.870034108965557,4.499963059284926,0.2071342368393445,34.5134750636255,6.000000000000002
204.0,10547.103553624112,20.905377001361174,12.7413337678759,4.363939294993705,-0.11768459267847985,33.9643720326517,6.000000000000002
205.0,10576.009346516865,20.96984695676129,12.613920430197142,4.227391353341356,-0.43327217047080724,33.10654521177275,6.000000000000002
206.0,10604.857327823831,21.03145722903198,12.487781225895171,4.09029998712758,-0.7342988576862752,31.958414538939312,6.000000000000002
207.0,10633.647613168183,21.091400817199776,12.36290341363622,3.952645428140618,-1.015642545069919,30.54329181213265,6.000000000000002
208.0,10662.380317941846,21.15035212574521,12.239274379499857,3.814407366774066,-1.2726292262459304,28.888871438235064,6.000000000000002
209.0,10691.055557305963,21.208692440291017,12.116881635704859,3.675564930695825,-1.5011197122084443,27.02664083304868,6.000000000000002
210.0,10719.673446191351,21.266637370382824,11.99571281934781,3.5360966625170924,-1.6975807068076958,24.991227115827876,6.000000000000002
211.0,10748.234099298968,21.324308882365578,11.875755691154332,3.3959804964059748,-1.8591388183034987,22.81969795857653,6.000000000000002
212.0,10776.73763110037,21.38177601361849,11.756998134242789,3.2551937335867933,-1.9836168732004698,20.550834860893854,6.000000000000002
213.0,10805.18415583817,21.439077884949054,11.639428152900361,3.1137130166623526,-2.0695526589829076,18.224396766149773,6.000000000000002
214.0,10833.573787526493,21.496236707598783,11.523033871371357,2.9715143026923916,-2.1162009016869567,15.880390904885944,6.000000000000002
215.0,10861.90663995144,21.55326513502946,11.407803532657644,2.828572834957075,-2.1235198442634444,13.558366174311425,6.000000000000002
216.0,10890.182826671537,21.61017041828098,11.293725497331067,2.684863113329695,-2.0921442086785302,11.296742388454003,6.000000000000002
217.0,10918.402461018193,21.66695675465227,11.180788242357757,2.5403588631777287,-2.0233465898297984,9.13218651876853,6.000000000000002
218.0,10946.565656096156,21.723626615216965,11.068980359934178,2.3950330027059787,-1.9189894472919267,7.099044739991996,6.000000000000002
219.0,10974.672524783964,21.780181495158793,10.958290556334836,2.2488576086497085,-1.7814698472008017,5.228836833541294,6.000000000000002
220.0,11002.723179734396,21.836622337874537,10.848707650771487,2.101803880219413,-1.6136589843599203,3.549817388762108,6.000000000000002
221.0,11030.717733374928,21.892949774684823,10.740220574263773,1.953842101192113,-1.4188383111561333,2.0866063602464484,6.000000000000002
222.0,11058.656297908177,21.949164260323208,10.632818368521136,1.8049416000367917,-1.2006338433516104,0.8598899373917575,6.000000000000002
223.0,11086.538985312362,22.005266149517382,10.526490184835925,1.6550707079537292,-0.962949930013054,-0.11380861683869348,6.000000000000002
224.0,11114.365907341737,22.06125574027455,10.421225282987566,1.504196714699041,-0.7099034892154003,-0.8222894983436101,6.000000000000002
225.0,11142.137175527054,22.11713329834751,10.31701303015769,1.352285822056558,-0.44575944190479505,-1.25777032151911,6.000000000000002
226.0,11169.852901176,22.172899071063668,10.213842899856115,1.199303094809318,-0.17486783797786312,-1.4169160304779842,6.000000000000002
227.0,11197.513195373649,22.228553295141847,10.111704470857553,1.0452124090522388,0.09839702871428006,-1.3008075513827293,6.000000000000002
228.0,11225.1181689829,22.284096201110867,10.010587426148978,0.8899763976759841,0.36966366361902264,-0.9148837933714226,6.000000000000002
229.0,11252.667932644936,22.33952801580738,9.91048155188749,0.7335563928395061,0.6342997510072995,-0.2691479949469803,6.000000000000002
230.0,11280.162596779646,22.394848963788096,9.811376736368615,0.5759123652351781,0.8877542953858515,0.6219706503757084,6.000000000000002
231.0,11307.602271586087,22.45005926812836,9.713262969004928,0.4170028599357159,1.1257469391207795,1.7399429563667916,6.000000000000002
232.0,11334.987067042915,22.505159150873926,9.616130339314878,0.25678492859611823,1.344349344685505,3.0625430140977117,6.000000000000002
233.0,11362.31709290883,22.560148833296687,9.51996903592173,0.09521405776651172,1.5400565357693354,4.564317762190826,6.000000000000002
234.0,11389.592458723013,22.6150285360396,9.424769345562511,-0.06775590694705651,1.7098464729648908,6.2171102631283315,6.000000000000002
235.0,11416.813273805566,22.66979847919898,9.330521652106887,-0.23216188127941936,1.8512266695118131,7.99062305435104,6.000000000000002
236.0,11443.979647257955,22.724458882371408,9.237216435585818,-0.39794678604305467,1.9622672099470884,9.85300747611874,6.000000000000002
237.0,11471.091687963439,22.779009964680608,9.14484427122996,-0.5650304078478742,2.0416200810205964,11.771464963687853,6.000000000000002
238.0,11498.149504587513,22.83345194479304,9.05339582851766,-0.733331148022159,2.0885252254464297,13.712846877088184,6.000000000000002
239.0,11525.153205578337,22.887785040927078,8.962861870232484,-0.9027661389903293,2.102804157476228,15.64424044860081,6.000000000000002
240.0,11552.102899167181,22.94200947085858,8.87323325153016,-1.0732513656262037,2.084842316138328,17.53352975913163,6.000000000000002
241.0,11578.998693368847,22.996125451924406,8.784500919014858,-1.2447017911833402,2.0355615678968486,19.34992220503933,6.000000000000002
242.0,11605.84069598211,23.050133201024824,8.69665590982471,-1.4170314873757406,1.95638440498592,21.06443258246226,6.000000000000002
243.0,11632.629014590146,23.104032934625188,8.609689350726462,-1.590153768156202,1.8491914259332227,22.650318601114705,6.000000000000002
244.0,11659.363756560966,23.1578248687573,8.523592457219198,-1.7639813267161442,1.7162736437555073,24.08346326235628,6.000000000000002
245.0,11686.045029047844,23.211509219020556,8.438356532647006,-1.9384263752100686,1.5602810616523675,25.342701033229194,6.000000000000002
246.0,11712.672938989748,23.26508620058295,8.353972967320535,-2.113400786690103,1.3841688041076463,26.410086074421475,6.000000000000002
247.0,11739.247593111768,23.31855602818203,8.27043323764733,-2.2888162387215565,1.1911419114457718,27.271101909936977,6.000000000000002
248.0,11765.769097925544,23.371918916125807,8.187728905270857,-2.4645843581391773,0.9845997149932021,27.914812851055967,6.000000000000002
249.0,11792.237559729692,23.425175078293634,8.105851616218148,-2.640616866395986,0.7680805226482048,28.333958213065973,6.000000000000002
