time,main_river_channel.storage,branch1_channel.output,branch2_pipe.output,regulating_reservoir.storage,total_outflow.output
0.0,1040.0,19.318920674224284,-0.365975909189126,508.95294476503517,148.84633434798587
1.0,1079.6,108.25528782045025,-0.7235207877927163,606.305652902392,163.5418477906549
2.0,1118.8039999999999,156.68326467653583,-1.1252272459847117,749.7375772748953,183.05367842871016
3.0,1157.6159599999999,183.84128696364257,-1.570514554122881,917.0135981389171,203.45731974314225
4.0,1196.0398003999999,199.8094690839446,-2.0240673988157867,1096.4587278612676,223.2809048240104
5.0,1234.079402396,209.87045002587274,-2.4428624324664128,1281.9571408974484,242.0721381075639
6.0,1271.73860837204,216.7936785829892,-2.802121476677488,1470.3095551858112,259.76495400306175
7.0,1309.0212222883197,222.03197119510244,-3.10286416069893,1659.8324711164985,276.42683602655364
8.0,1345.9310100654366,226.34830366568957,-3.3600231014330015,1849.624102258425,292.1614981832789
9.0,1382.4716999647821,230.14415054117794,-3.5883582752243592,2039.18741247921,307.07338200571286
10.0,1418.6469829651344,233.63148949073542,-3.7972537535301356,2228.2378999668313,321.25622740274883
11.0,1454.460513135483,236.9229135774649,-3.991784650822586,2416.604270894137,334.790655212633
12.0,1489.9159080041284,240.07884569968417,-4.174807808933985,2604.1762233670042,347.74491792726786
13.0,1525.016748924087,243.132281088277,-4.34817248163724,2790.876807506304,360.17659212320115
14.0,1559.7665814348463,246.10175738833297,-4.513215661384093,2976.647813083127,372.1343734373244
15.0,1594.168915620498,248.9981570492828,-4.670961104400896,3161.4420527663465,383.659679950379
16.0,1628.227226464293,251.8282780047053,-4.8222187518041695,3345.2192709639207,394.78798973212315
17.0,1661.94495419965,254.59671068082588,-4.967644716927149,3527.943951508541,405.549923138218
18.0,1695.3255046576535,257.3068270936908,-5.107780658804786,3709.584118913256,415.9721075902481
19.0,1728.372249611077,259.96130420100735,-5.243080834157261,3890.1106599018412,426.07786632253556
20.0,1761.0885271149662,262.562402728665,-5.373931319608796,4069.496918112861,435.887768003219
21.0,1793.4776418438164,265.1121174215237,-5.500664040752076,4247.718433131376,445.4200674700604
22.0,1825.5428654253783,267.6122595156298,-5.623567242234745,4424.752756742143,454.6910614313892
23.0,1857.2874367711245,270.06450333068693,-5.742893452868907,4600.5793114851185,463.71537760879033
24.0,1888.7145624034133,272.47041373689734,-5.858865647348055,4775.179273344966,472.5062115325892
25.0,1919.8274167793793,274.8314633110533,-5.971682083924027,4948.535469105195,481.07552190913066
26.0,1950.6291426115854,277.1490438328176,-6.081520152975358,5120.632283402933,489.434192971599
27.0,1981.1228511854695,279.4244745865328,-6.188539475133306,5291.455572846274,497.59217032601896
28.0,2011.3116226736147,281.6590087852591,-6.292884422043264,5460.992585752564,505.55857536409286
29.0,2041.1985064468786,283.8538388288279,-6.394686187275137,5629.231886679066,513.3418022199157
30.0,2070.78652138241,286.01010078806803,-6.494064502685915,5796.163285230867,520.9496004114367
31.0,2100.078656168586,288.1288783375567,-6.5911290724034775,5961.777768791402,528.3891456649284
32.0,2129.0778696069,290.21120626825825,-6.685980779742377,6126.0674389040905,535.6671009235966
33.0,2157.787090910831,292.25807366198495,-6.778712709912535,6289.0254510780815,542.7896691542046
34.0,2186.2092200017228,294.27042678219743,-6.869411022073475,6450.645957816644,549.7626392618182
35.0,2214.3471278017055,296.24917171997237,-6.958155697248117,6610.924054683035,556.5914261828564
36.0,2242.2036565236886,298.19517682459514,-7.04502118323057,6769.855729230739,563.2811060358555
37.0,2269.7816199584518,300.1092749423193,-7.1300769534711135,6927.437812634972,569.8364470566919
38.0,2297.0838037588674,301.99226548285526,-7.213387993688142,7083.667933871439,576.2619369220681
39.0,2324.1129657212787,303.8449163302955,-7.295015227417376,7238.544476296889,582.5618069654837
40.0,2350.871836064066,305.66796561300976,-7.375015889697875,7392.066536494263,588.7400537087931
41.0,2377.3631177034254,307.4621233453058,-7.453443856490856,7544.233885253193,594.8004580660064
42.0,2403.5894865263913,309.2280729522191,-7.530349936139078,7695.046930564209,600.7466025213006
43.0,2429.5535916611275,310.96647268757147,-7.6057821281334315,7844.506682512363,606.5818865379532
44.0,2455.2580557445162,312.6779569543924,-7.6797858536062105,7992.614719962902,612.3095404173155
45.0,2480.705475187071,314.36313753587683,-7.752404161277732,8139.373158938243,617.9326377955412
46.0,2505.8984204352005,316.02260474424685,-7.823677912012838,8284.784622591713,623.4541069394772
47.0,2530.8394362308486,317.6569284941735,-7.893645944672482,8428.85221268938,628.8767409809672
48.0,2555.5310418685403,319.26665930677984,-7.962345225554089,8571.579482516818,634.2032072101016
49.0,2579.9757314498547,320.85232924968466,-8.029810983387252,8712.97041113278,639.4360555320806
50.0,2604.1759741353562,322.4144528180422,-8.096076831577415,8853.029378896588,644.577726178836
51.0,2628.134214394003,323.95352776108405,-8.161174879159223,8991.761144200582,649.6305567550316
52.0,2651.852872250063,325.47003585826633,-8.225135831726321,9129.17082134311,654.5967886881709
53.0,2675.334343527562,326.9644436487626,-8.287989083438537,9265.263859481573,659.4785731440475
54.0,2698.581000092286,328.43720311771824,-8.3497628010668,9400.046022608592,664.277976461453
55.0,2721.5951900913633,329.88875234238935,-8.41048400091518,9533.523370497895,668.9969851537268
56.0,2744.3792381904495,331.31951610102345,-8.470178619356593,9665.702240569604,673.6375105192411
57.0,2766.935445808545,332.7299064471016,-8.528871577629456,9796.589230627684,678.2013928981521
58.0,2789.2660913504596,334.1203232513461,-8.58658684146615,9926.19118242501,682.6904056085834
59.0,2811.373430436955,335.4911547137003,-8.643347476057714,10054.515166014151,687.1062585917853
60.0,2833.2596961325853,336.8427778473118,-8.699175696801568,10181.568464844378,691.4506017926275
61.0,2854.9270991712597,338.1755589363881,-8.754092916229101,10307.35856156765,695.7250282989962
62.0,2876.377828179547,339.4898539696468,-8.808119787466113,10431.893124518478,699.9310772612087
63.0,2897.6140498977516,340.7860090509506,-8.861276244540967,10555.179994834518,704.0702366103978
64.0,2918.637909398774,342.0643607885946,-8.913581539821747,10677.2271741866,708.143945592905
65.0,2939.451530304786,343.32523666460224,-8.965054278834419,10798.042813088636,712.1535971360256
66.0,2960.0570150017384,344.56895538528613,-9.015712452687652,10917.635199759461,716.1005400589567
67.0,2980.456444851721,345.7958272142362,-9.065573468307887,11036.0127495102,719.9860811414552
68.0,3000.6518804032034,347.0061542888138,-9.114654176666688,11153.183994632143,723.8114870615334
69.0,3020.6453615991713,348.20023092115076,-9.16297089916633,11269.157574761484,727.5779862124566
70.0,3040.4389079831794,349.37834388458435,-9.210539452331167,11383.942227698508,731.286770408361
71.0,3060.034518903348,350.5407726863892,-9.257375170941394,11497.546780659986,734.938996486969
72.0,3079.4341737143145,351.6877898276115,-9.303492929728925,11609.980141944669,738.5357878171104
73.0,3098.6398319771715,352.81966105075196,-9.348907163749502,11721.251292992778,742.0782357180885
74.0,3117.6534336574,353.93664557599516,-9.393631887527432,11831.369280821391,745.5674007973057
75.0,3136.476899320826,355.038996326634,-9.43768071307062,11940.343210818526,749.0043142120229
76.0,3155.1121303276177,356.1269601442971,-9.481066866831448,12048.182239879621,752.3899788606195
77.0,3173.5610090243417,357.2007779945439,-9.523803205700956,12154.895569870872,755.7253705082799
78.0,3191.8253989340983,358.26068516335766,-9.565902232090634,12260.492441404722,759.0114388516197
79.0,3209.9071449447574,359.306911445031,-9.607376108187362,12364.98212791347,762.2491085264019
80.0,3227.80807349531,360.33968132190734,-9.648236669409371,12468.3739300077,765.4392800621563
81.0,3245.529992760357,361.35921413641205,-9.688495437160588,12570.677170106797,768.5828307872133
82.0,3263.0746928327535,362.3657242557799,-9.728163630869881,12671.901187329571,771.6806156873905
83.0,3280.443945904426,363.3594212298603,-9.767252179451514,12772.055332633388,774.7334682213157
84.0,3297.639506445382,364.3405099423577,-9.805771732095828,12871.148964190983,777.7422010951458
85.0,3314.663111380928,365.3091907558445,-9.843732668623675,12969.191442994384,780.7076069992276
86.0,3331.516480267119,366.2656596508601,-9.881145109151461,13066.192128676206,783.6304593090649
87.0,3348.201315464448,367.21010835939484,-9.918018923529635,13162.160375538548,786.5115127527687
88.0,3364.7193023098034,368.14272449303735,-9.954363739939954,13257.105528780874,789.3515040470267
89.0,3381.072109286705,369.06369166604793,-9.990188953653135,13351.036920917652,792.1511525034584
90.0,3397.2613881938382,369.97318961360617,-10.025503734494091,13443.96386837841,794.911160607123
91.0,3413.2887743119,370.87139430546523,-10.060317035298914,13535.89566828101,797.6322145687662
92.0,3429.155886568781,371.758478055234,-10.09463759791096,13626.841595372713,800.3149848523788
93.0,3444.8643277030933,372.63460962549334,-10.128473962111586,13716.81089912864,802.9601266793741
94.0,3460.4156844260624,373.49995432894355,-10.161834469143184,13805.812801005868,805.5682805108481
95.0,3475.811527581802,374.3546741257668,-10.19472727292547,13893.856491838593,808.1400725089082
96.0,3491.053412305984,375.19892771738057,-10.22716033839659,13980.951129380805,810.6761149785823
97.0,3506.142878182924,376.03287063674685,-10.259141459562438,14067.105835970373,813.1770067907879
98.0,3521.0814494010947,376.85665533539276,-10.290678245465,14152.329696340894,815.6433337882924
99.0,3535.8706349070835,377.67043126729186,-10.321778156920795,14236.631755524448,818.0756691741018
100.0,3550.5119285580126,378.47434496974523,-10.352448460892166,14320.021016922812,820.4745738855532
101.0,3565.0068092724323,379.26854014139496,-10.38269631761295,14402.506440408139,822.8405969510545
102.0,3579.356741179708,380.0531577174967,-10.412528651225701,14484.096940666246,825.1742758365177
103.0,3593.563173767911,380.82833594256897,-10.441952373769197,14564.80138542172,827.4761367719769
104.0,3607.627542030232,381.5942104405341,-10.470974028351224,14644.628594125468,829.7466950758126
105.0,3621.5512666099294,382.3509142824562,-10.499600390218397,14723.587336135197,831.9864554496685
106.0,3635.3357539438302,383.09857805197987,-10.527837479570733,14801.686329984903,834.195912290192
107.0,3648.982396404392,383.8373299085646,-10.555692218508664,14878.934241075262,836.3755499425531
108.0,3662.4925724403483,384.56729564860814,-10.583169665447102,14955.339682236918,838.5258430223721
109.0,3675.867646715945,385.28859876454567,-10.610277677644465,15030.911209679081,840.647256595309
110.0,3689.108970248785,386.00136050200774,-10.637019043216762,15105.65732694429,842.7402465701853
111.0,3702.2178805462972,386.7056999151164,-10.663404838463624,15179.586475482058,844.80525970562
112.0,3715.1957017408345,387.4017339199943,-10.689431683064305,15252.707048209346,846.842734249307
113.0,3728.0437447234262,388.0895773465586,-10.715120648569236,15325.027363943149,848.8530994749839
114.0,3740.763307276192,388.7693429886685,-10.740450459948288,15396.555709193006,850.8367770854333
115.0,3753.3556742034298,389.4411416526898,-10.765472641687108,15467.300264020148,852.794179385733
116.0,3765.8221174613955,390.1050822045404,-10.790112297123798,15537.269228647163,854.7257130112571
117.0,3778.1638962867814,390.7612716152743,-10.814514100431309,15606.470601589062,856.6317730119429
118.0,3790.3822573239136,391.4098150052613,-10.838439214934267,15674.912565347608,858.512753689142
119.0,3802.4784347506743,392.05081568701576,-10.862320311540225,15742.60280941613,860.3690301744757
120.0,3814.4536504031676,392.6843752067258,-10.885409406566856,15809.549719027966,862.2009912420947
121.0,3826.309113899136,393.3105933845321,-10.909040837325765,15875.760277194613,864.0089820439434
122.0,3838.0460227601443,393.92956835360326,-10.930863121456625,15941.243776882868,865.7934057200965
123.0,3849.665562532543,394.5413965980514,-10.95507004136444,16006.005227901896,867.5545437921796
124.0,3861.1689069072177,395.1461729897328,-10.974193269288044,16070.057103064304,869.2928759532648
125.0,3872.5572178381453,395.7439908239724,-11.001610148599358,16133.39834167839,871.0085100484923
126.0,3883.831645659764,396.33494185425184,-11.013316931502338,16196.051999767573,872.7022026038899
127.0,3894.9933292031665,396.9191163258994,-11.052550672510685,16257.99752542561,874.3735271525846
128.0,3906.0433959111347,397.4966030088167,-11.041216082557012,16319.292961843357,876.0241733136983
129.0,3916.9829619520233,398.0674892292765,-11.120799736978551,16379.853792098787,877.6519881388933
130.0,3927.813132332503,398.6318609008244,-11.034143579768578,16439.854433577868,879.2617736900953
131.0,3938.535001009178,399.1898025543168,-11.249718164081635,16498.997429296545,880.8456698794647
132.0,3949.149650999086,399.74139736712374,-10.910609871064421,16557.848268206675,882.4189198983086
133.0,3959.658154489095,400.28672719152644,-11.584988313017165,16615.39304172105,883.9545475540006
134.0,3970.0615729442043,400.8258725823378,-10.3832138436527,16673.527839625316,885.5032163131648
135.0,3980.360957214762,401.3589128237704,-12.598886053677207,16728.817309602902,886.9735788825501
136.0,3990.5573476426143,401.88592595557975,-8.384369618093027,16787.74251974833,888.5379515228684
137.0,4000.6517741661883,402.40698879850584,-15.48640544686979,16838.908252705,889.8940914199193
138.0,4010.6452564245265,402.92217697903703,-1.0523486823164405,16903.99991594762,891.6163547794403
139.0,4020.5388038602814,403.4315649535185,-17.075923299993057,16952.275559282192,892.8915367467815
140.0,4030.3334158216785,403.9352260316267,3.839034567579458,17021.004308695756,894.7038438063947
141.0,4040.0300816634617,404.43323239923177,-14.314753866162302,17070.70270105491,896.0120560634198
142.0,4049.629780846827,404.9256551406661,-4.5496535180923265,17129.664648656384,897.5616401811709
143.0,4059.133483038359,405.41256426041946,-18.29604521955239,17174.187874724124,898.7299885058701
144.0,4068.5421482079755,405.8940287042793,7.900251876489605,17244.49839781041,900.5719427720771
145.0,4077.856726725896,406.37011637993305,-16.5390530205176,17289.439493213617,901.747312470585
146.0,4087.078159458637,406.84089417704956,1.753383769403958,17352.244981295797,903.3873377799929
147.0,4096.207377864051,407.3064279868578,-15.23433554853959,17397.2721741082,904.5612924896707
148.0,4105.24530408541,407.7667827212358,-2.3240039402813712,17454.76950940699,906.0581590700489
149.0,4114.192851044556,408.2220223313275,-18.331349122364735,17495.564792427813,907.1187119682345
150.0,4123.05092253411,408.6722098257007,7.7200729609809375,17562.045779365937,908.8443630929337
151.0,4131.820413308769,409.11740728806126,-16.666712762296292,17603.255558304383,909.9124048086167
152.0,4140.502209175682,409.55767589453615,1.8632207724445704,17662.611343805278,911.4485405328946
153.0,4149.097187083925,409.99307593053885,-15.47398846777467,17703.87820439194,912.5150085297064
154.0,4157.606215213085,410.42366680723,-1.921927233437198,17758.302379877892,913.9196008222717
155.0,4166.030153060954,410.84950707758503,-18.438969437862557,17795.546869920057,914.8795728210237
156.0,4174.369851530345,411.2706544520805,7.827392147736806,17858.733979121473,916.505912538391
157.0,4182.626153015041,411.6871658140112,-17.057577626299935,17896.188887726756,917.4685837797181
158.0,4190.799891484891,412.09909723444764,2.8685719843335304,17953.232779191003,918.9327961847154
159.0,4198.891892570043,412.5065039868451,-15.354227674462864,17991.320399919565,919.9091382280758
160.0,4206.902973644343,412.90944056131525,-2.5490819567146357,18041.854350525773,921.2029335363501
161.0,4214.833943907899,413.30796067856824,-18.9821932853884,18075.343030908436,922.0593272062044
162.0,4222.68560446882,413.7021173035365,9.602948160767124,18137.14123575457,923.6375852753239
163.0,4230.458748424132,414.0919626586883,-19.490645314155696,18168.999728384013,924.450163498562
164.0,4238.154160939891,414.4775482370403,11.494955237955507,18231.59223729133,926.0445626374427
165.0,4245.7726193304925,414.8589248148774,-22.772042474627522,18259.047274885754,926.7430506327757
166.0,4253.314893137188,415.23614246418856,25.784204292709234,18334.886676144935,928.6697630025352
167.0,4260.781744205816,415.60925056482597,-76.40662519711128,18307.39156798975,927.9717075451675
168.0,4268.173926763758,415.97829781639547,649.3909268195505,19006.612961265902,945.5637123733953
169.0,4275.49218749612,416.34333224988586,-53062.402176984324,-34019.57814269385,0.0
170.0,4282.737265621159,416.70440123904416,358442655.3428725,358409732.86069393,129978.36617561079
171.0,4289.909892964947,417.06155151150324,-1.635872610154562e+16,-1.6358725750303664e+16,0.0
172.0,4297.010794035297,417.4148291596696,3.4072898580228493e+31,3.4072898580228475e+31,4.0076126609506056e+16
173.0,4304.040686094944,417.7642796513767,-1.4781832601141892e+62,-1.4781832601141892e+62,0.0
174.0,4311.000279233995,418.1099478403112,2.782061191778071e+123,2.782061191778071e+123,3.621300284426888e+62
175.0,4317.890276441654,418.4518779762167,-9.854701520203184e+245,-9.854701520203184e+245,0.0
176.0,4324.711373677238,418.79011371488286,inf,inf,inf
177.0,4331.464259940466,419.1246981279237,nan,nan,nan
178.0,4338.1496173410615,419.45567371235194,nan,nan,nan
179.0,4344.768121167651,419.78308239995374,nan,nan,nan
180.0,4351.3204399559745,420.10696556646985,nan,nan,nan
181.0,4357.8072355564145,420.4273640405878,nan,nan,nan
182.0,4364.22916320085,420.74431811274985,nan,nan,nan
183.0,4370.586871568841,421.05786754378164,nan,nan,nan
184.0,4376.8810028531525,421.36805157334595,nan,nan,nan
185.0,4383.112192824621,421.6749089282262,nan,nan,nan
186.0,4389.281070896375,421.9784778304439,nan,nan,nan
187.0,4395.388260187411,422.2787960052141,nan,nan,nan
188.0,4401.434377585537,422.57590068874254,nan,nan,nan
189.0,4407.420033809682,422.8698286358696,nan,nan,nan
190.0,4413.345833471585,423.1606161275637,nan,nan,nan
191.0,4419.212375136869,423.44829897826776,nan,nan,nan
192.0,4425.0202513855,423.73291254310334,nan,nan,nan
193.0,4430.7700488716455,424.0144917249351,nan,nan,nan
194.0,4436.462348382929,424.29307098129937,nan,nan,nan
195.0,4442.0977248991,424.5686843311991,nan,nan,nan
196.0,4447.676747650109,424.8413653617705,nan,nan,nan
197.0,4453.199980173608,425.1111472348217,nan,nan,nan
198.0,4458.6679803718725,425.37806269324926,nan,nan,nan
199.0,4464.081300568154,425.6421440673324,nan,nan,nan
200.0,4469.440487562472,425.9034232809112,nan,nan,nan
201.0,4474.746082686847,426.16193185744817,nan,nan,nan
202.0,4479.998621859979,426.41770092597835,nan,nan,nan
203.0,4485.198635641379,426.6707612269492,nan,nan,nan
204.0,4490.346649284966,426.9211431179534,nan,nan,nan
205.0,4495.443182792116,427.16887657935683,nan,nan,nan
206.0,4500.488750964195,427.41399121982363,nan,nan,nan
207.0,4505.483863454553,427.6565162817417,nan,nan,nan
208.0,4510.429024820008,427.89648064655034,nan,nan,nan
209.0,4515.324734571807,428.13391283997174,nan,nan,nan
210.0,4520.171487226089,428.3688410371491,nan,nan,nan
211.0,4524.969772353828,428.60129306769363,nan,nan,nan
212.0,4529.72007463029,428.8312964206418,nan,nan,nan
213.0,4534.4228738839865,429.05887824932495,nan,nan,nan
214.0,4539.078645145147,429.28406537615376,nan,nan,nan
215.0,4543.6878586936955,429.50688429731906,nan,nan,nan
216.0,4548.250980106758,429.7273611874099,nan,nan,nan
217.0,4552.76847030569,429.9455219039527,nan,nan,nan
218.0,4557.240785602633,430.1613919918715,nan,nan,nan
219.0,4561.668377746607,430.374996687871,nan,nan,nan
220.0,4566.051693969141,430.5863609247456,nan,nan,nan
221.0,4570.391177029449,430.7955093356139,nan,nan,nan
222.0,4574.687265259155,431.0024662580819,nan,nan,nan
223.0,4578.940392606563,431.20725573833585,nan,nan,nan
224.0,4583.150988680498,431.40990153516566,nan,nan,nan
225.0,4587.319478793693,431.6104271239212,nan,nan,nan
226.0,4591.446284005756,431.8088557004023,nan,nan,nan
227.0,4595.531821165699,432.0052101846843,nan,nan,nan
228.0,4599.576502954042,432.19951322487964,nan,nan,nan
229.0,4603.580737924502,432.39178720083805,nan,nan,nan
230.0,4607.544930545257,432.5820542277852,nan,nan,nan
231.0,4611.469481239804,432.77033615990234,nan,nan,nan
232.0,4615.354786427406,432.9566545938471,nan,nan,nan
233.0,4619.2012385631315,433.1410308722171,nan,nan,nan
234.0,4623.0092261775,433.32348608695776,nan,nan,nan
235.0,4626.779133915725,433.50404108271505,nan,nan,nan
236.0,4630.511342576568,433.68271646013386,nan,nan,nan
237.0,4634.206229150802,433.85953257910444,nan,nan,nan
238.0,4637.864166859294,434.0345095619563,nan,nan,nan
239.0,4641.485525190701,434.2076672966018,nan,nan,nan
240.0,4645.070669938794,434.3790254396297,nan,nan,nan
241.0,4648.6199632394055,434.5486034193499,nan,nan,nan
242.0,4652.133763607011,434.7164204387909,nan,nan,nan
243.0,4655.612425970941,434.88249547864945,nan,nan,nan
244.0,4659.056301711232,435.0468473001949,nan,nan,nan
245.0,4662.46573869412,435.2094944481276,nan,nan,nan
246.0,4665.841081307179,435.3704552533942,nan,nan,nan
247.0,4669.182670494107,435.5297478359581,nan,nan,nan
248.0,4672.490843789165,435.6873901075285,nan,nan,nan
249.0,4675.765935351274,435.8433997742467,nan,nan,nan
250.0,4679.008275997761,435.9977943393319,nan,nan,nan
251.0,4682.218193237783,436.15059110568666,nan,nan,nan
252.0,4685.396011305405,436.30180717846235,nan,nan,nan
253.0,4688.542051192351,436.4514594675867,nan,nan,nan
254.0,4691.656630680428,436.599564690252,nan,nan,nan
255.0,4694.740064373624,436.7461393733673,nan,nan,nan
256.0,4697.792663729888,436.891199855973,nan,nan,nan
257.0,4700.814737092589,437.0347622916196,nan,nan,nan
258.0,4703.806589721663,437.1768426507109,nan,nan,nan
259.0,4706.768523824447,437.31745672281323,nan,nan,nan
260.0,4709.700838586202,437.45662011892955,nan,nan,nan
261.0,4712.60383020034,437.5943482737407,nan,nan,nan
262.0,4715.477791898336,437.7306564478133,nan,nan,nan
263.0,4718.323013979353,437.8655597297761,nan,nan,nan
264.0,4721.13978383956,437.9990730384634,nan,nan,nan
265.0,4723.928386001164,438.13121112502824,nan,nan,nan
266.0,4726.689102141152,438.26198857502493,nan,nan,nan
267.0,4729.4222111197405,438.3914198104608,nan,nan,nan
268.0,4732.127989008543,438.51951909181867,nan,nan,nan
269.0,4734.806709118458,438.6463005200511,nan,nan,nan
270.0,4737.458642027273,438.77177803854454,nan,nan,nan
271.0,4740.084055607,438.8959654350567,nan,nan,nan
272.0,4742.68321505093,439.0188763436255,nan,nan,nan
273.0,4745.25638290042,439.1405242464517,nan,nan,nan
274.0,4747.803819071416,439.26092247575417,nan,nan,nan
275.0,4750.325780880702,439.3800842155994,nan,nan,nan
276.0,4752.822523071895,439.4980225037051,nan,nan,nan
277.0,4755.294297841177,439.6147502332185,nan,nan,nan
278.0,4757.741354862765,439.7302801544698,nan,nan,nan
279.0,4760.1639413141365,439.84462487670106,nan,nan,nan
280.0,4762.562301900995,439.9577968697712,nan,nan,nan
281.0,4764.936678881985,440.0698084658373,nan,nan,nan
282.0,4767.287312093165,440.18067186101246,nan,nan,nan
283.0,4769.614438972234,440.290399117001,nan,nan,nan
284.0,4771.918294582511,440.399002162711,nan,nan,nan
285.0,4774.199111636686,440.5064927958446,nan,nan,nan
286.0,4776.457120520319,440.6128826844673,nan,nan,nan
287.0,4778.692549315116,440.7181833685546,nan,nan,nan
288.0,4780.905623821965,440.8224062615184,nan,nan,nan
289.0,4783.096567583745,440.92556265171254,nan,nan,nan
290.0,4785.265601907908,441.0276637039183,nan,nan,nan
291.0,4787.412945888828,441.1287204608086,nan,nan,nan
292.0,4789.53881642994,441.228743844394,nan,nan,nan
293.0,4791.643428265641,441.32774465744836,nan,nan,nan
294.0,4793.726993982985,441.4257335849155,nan,nan,nan
295.0,4795.789724043155,441.52272119529744,nan,nan,nan
296.0,4797.831826802723,441.6187179420234,nan,nan,nan
297.0,4799.853508534696,441.7137341648014,nan,nan,nan
298.0,4801.854973449349,441.8077800909513,nan,nan,nan
299.0,4803.836423714855,441.90086583672075,nan,nan,nan
300.0,4805.798059477706,441.99300140858304,nan,nan,nan
301.0,4807.740078882929,442.08419670451855,nan,nan,nan
302.0,4809.6626780941,442.17446151527895,nan,nan,nan
303.0,4811.566051313159,442.26380552563495,nan,nan,nan
304.0,4813.450390800027,442.3522383156077,nan,nan,nan
305.0,4815.315886892026,442.4397693616839,nan,nan,nan
306.0,4817.162728023106,442.5264080380158,nan,nan,nan
307.0,4818.991100742875,442.61216361760466,nan,nan,nan
308.0,4820.801189735445,442.6970452734697,nan,nan,nan
309.0,4822.593177838091,442.78106207980113,nan,nan,nan
310.0,4824.36724605971,442.86422301309915,nan,nan,nan
311.0,4826.123573599113,442.94653695329754,nan,nan,nan
312.0,4827.862337863122,443.0280126848734,nan,nan,nan
313.0,4829.583714484491,443.10865889794223,nan,nan,nan
314.0,4831.287877339646,443.1884841893392,nan,nan,nan
315.0,4832.974998566249,443.2674970636868,nan,nan,nan
316.0,4834.645248580587,443.34570593444823,nan,nan,nan
317.0,4836.298796094781,443.4231191249685,nan,nan,nan
318.0,4837.935808133833,443.49974486950106,nan,nan,nan
319.0,4839.556450052495,443.5755913142226,nan,nan,nan
320.0,4841.16088555197,443.65066651823406,nan,nan,nan
321.0,4842.749276696451,443.7249784545497,nan,nan,nan
322.0,4844.321783929486,443.7985350110737,nan,nan,nan
323.0,4845.878566090191,443.87134399156383,nan,nan,nan
324.0,4847.419780429289,443.9434131165839,nan,nan,nan
325.0,4848.945582624996,444.01475002444363,nan,nan,nan
326.0,4850.456126798746,444.0853622721274,nan,nan,nan
327.0,4851.951565530758,444.1552573362108,nan,nan,nan
328.0,4853.4320498754505,444.2244426137664,nan,nan,nan
329.0,4854.897729376696,444.29292542325794,nan,nan,nan
330.0,4856.3487520829285,444.36071300542324,nan,nan,nan
331.0,4857.7852645621,444.4278125241468,nan,nan,nan
332.0,4859.207411916479,444.4942310673212,nan,nan,nan
333.0,4860.615337797314,444.5599756476978,nan,nan,nan
334.0,4862.009184419341,444.6250532037276,nan,nan,nan
335.0,4863.3890925751475,444.689470600391,nan,nan,nan
336.0,4864.755201649396,444.75323463001786,nan,nan,nan
337.0,4866.107649632902,444.8163520130978,nan,nan,nan
338.0,4867.4465731365735,444.8788293990797,nan,nan,nan
339.0,4868.772107405208,444.9406733671626,nan,nan,nan
340.0,4870.084386331156,445.0018904270761,nan,nan,nan
341.0,4871.383542467844,445.0624870198516,nan,nan,nan
342.0,4872.6697070431655,445.12246951858435,nan,nan,nan
343.0,4873.943009972734,445.18184422918637,nan,nan,nan
344.0,4875.203579873007,445.2406173911296,nan,nan,nan
345.0,4876.451544074276,445.29879517818085,nan,nan,nan
346.0,4877.687028633533,445.35638369912755,nan,nan,nan
347.0,4878.910158347198,445.413388998495,nan,nan,nan
348.0,4880.121056763726,445.4698170572548,nan,nan,nan
349.0,4881.319846196089,445.5256737935245,nan,nan,nan
350.0,4882.506647734128,445.5809650632601,nan,nan,nan
351.0,4883.681581256787,445.63569666093883,nan,nan,nan
352.0,4884.844765444219,445.68987432023437,nan,nan,nan
353.0,4885.996317789777,445.7435037146845,nan,nan,nan
354.0,4887.136354611879,445.79659045835035,nan,nan,nan
355.0,4888.26499106576,445.84914010646753,nan,nan,nan
356.0,4889.382341155103,445.90115815609033,nan,nan,nan
357.0,4890.488517743552,445.95265004672785,nan,nan,nan
358.0,4891.583632566117,446.00362116097244,nan,nan,nan
359.0,4892.667796240456,446.0540768251211,nan,nan,nan
360.0,4893.741118278051,446.1040223097897,nan,nan,nan
361.0,4894.8037070952705,446.1534628305193,nan,nan,nan
362.0,4895.855670024318,446.20240354837614,nan,nan,nan
363.0,4896.897113324075,446.250849570544,nan,nan,nan
364.0,4897.9281421908345,446.29880595091004,nan,nan,nan
365.0,4898.948860768926,446.34627769064355,nan,nan,nan
366.0,4899.959372161237,446.393269738768,nan,nan,nan
367.0,4900.959778439625,446.4397869927269,nan,nan,nan
368.0,4901.950180655228,446.4858342989418,nan,nan,nan
369.0,4902.930678848676,446.5314164533655,nan,nan,nan
370.0,4903.901372060189,446.5765382020277,nan,nan,nan
371.0,4904.8623583395865,446.62120424157433,nan,nan,nan
372.0,4905.813734756191,446.6654192198014,nan,nan,nan
373.0,4906.755597408629,446.709187736182,nan,nan,nan
374.0,4907.688041434542,446.7525143423876,nan,nan,nan
375.0,4908.611161020197,446.7954035428029,nan,nan,nan
376.0,4909.525049409995,446.83785979503546,nan,nan,nan
377.0,4910.429798915895,446.8798875104187,nan,nan,nan
378.0,4911.325500926736,446.9214910545099,nan,nan,nan
379.0,4912.212245917469,446.9626747475815,nan,nan,nan
380.0,4913.090123458294,447.003442865108,nan,nan,nan
381.0,4913.959222223712,447.04379963824636,nan,nan,nan
382.0,4914.819630001474,447.0837492543111,nan,nan,nan
383.0,4915.671433701459,447.12329585724444,nan,nan,nan
384.0,4916.514719364444,447.16244354808043,nan,nan,nan
385.0,4917.3495721708,447.2011963854043,nan,nan,nan
386.0,4918.176076449092,447.2395583858063,nan,nan,nan
387.0,4918.994315684601,447.2775335243307,nan,nan,nan
388.0,4919.804372527755,447.3151257349191,nan,nan,nan
389.0,4920.606328802477,447.35233891084965,nan,nan,nan
390.0,4921.400265514452,447.3891769051703,nan,nan,nan
391.0,4922.186262859308,447.4256435311279,nan,nan,nan
392.0,4922.964400230715,447.4617425625922,nan,nan,nan
393.0,4923.734756228408,447.49747773447484,nan,nan,nan
394.0,4924.497408666123,447.5328527431442,nan,nan,nan
395.0,4925.252434579462,447.5678712468348,nan,nan,nan
396.0,4925.999910233667,447.60253686605284,nan,nan,nan
397.0,4926.739911131331,447.6368531839769,nan,nan,nan
398.0,4927.472512020017,447.67082374685396,nan,nan,nan
399.0,4928.197786899817,447.7044520643912,nan,nan,nan
400.0,4928.915809030819,447.7377416101434,nan,nan,nan
401.0,4929.626650940511,447.7706958218961,nan,nan,nan
402.0,4930.330384431106,447.80331810204416,nan,nan,nan
403.0,4931.027080586795,447.83561181796665,nan,nan,nan
404.0,4931.716809780927,447.86758030239673,nan,nan,nan
405.0,4932.399641683118,447.89922685378826,nan,nan,nan
406.0,4933.075645266286,447.9305547366781,nan,nan,nan
407.0,4933.744888813623,447.96156718204395,nan,nan,nan
408.0,4934.407439925487,447.9922673876586,nan,nan,nan
409.0,4935.063365526232,448.02265851844055,nan,nan,nan
410.0,4935.712731870969,448.0527437067999,nan,nan,nan
411.0,4936.355604552259,448.0825260529814,nan,nan,nan
412.0,4936.992048506737,448.11200862540267,nan,nan,nan
413.0,4937.62212802167,448.1411944609899,nan,nan,nan
414.0,4938.245906741453,448.17008656550854,nan,nan,nan
415.0,4938.863447674038,448.1986879138914,nan,nan,nan
416.0,4939.474813197297,448.2270014505626,nan,nan,nan
417.0,4940.080065065325,448.2550300897583,nan,nan,nan
418.0,4940.679264414672,448.2827767158433,nan,nan,nan
419.0,4941.272471770525,448.3102441836247,nan,nan,nan
420.0,4941.85974705282,448.3374353186622,nan,nan,nan
421.0,4942.441149582292,448.36435291757465,nan,nan,nan
422.0,4943.01673808647,448.39099974834323,nan,nan,nan
423.0,4943.586570705605,448.41737855061155,nan,nan,nan
424.0,4944.1507049985485,448.44349203598244,nan,nan,nan
425.0,4944.709197948563,448.46934288831153,nan,nan,nan
426.0,4945.262105969077,448.494933763997,nan,nan,nan
427.0,4945.809484909387,448.5202672922675,nan,nan,nan
428.0,4946.351390060293,448.54534607546543,nan,nan,nan
429.0,4946.88787615969,448.5701726893283,nan,nan,nan
430.0,4947.418997398093,448.5947496832662,nan,nan,nan
431.0,4947.944807424112,448.61907958063694,nan,nan,nan
432.0,4948.465359349871,448.6431648790177,nan,nan,nan
433.0,4948.980705756372,448.6670080504741,nan,nan,nan
434.0,4949.490898698808,448.690611541826,nan,nan,nan
435.0,4949.995989711821,448.71397777491046,nan,nan,nan
436.0,4950.4960298147025,448.7371091468424,nan,nan,nan
437.0,4950.991069516555,448.76000803027165,nan,nan,nan
438.0,4951.48115882139,448.7826767736378,nan,nan,nan
439.0,4951.966347233176,448.80511770142186,nan,nan,nan
440.0,4952.446683760844,448.82733311439597,nan,nan,nan
441.0,4952.922216923236,448.8493252898691,nan,nan,nan
442.0,4953.392994754004,448.87109648193166,nan,nan,nan
443.0,4953.859064806464,448.89264892169615,nan,nan,nan
444.0,4954.3204741583995,448.9139848175359,nan,nan,nan
445.0,4954.777269416815,448.93510635532135,nan,nan,nan
446.0,4955.229496722647,448.95601569865335,nan,nan,nan
447.0,4955.67720175542,448.97671498909415,nan,nan,nan
448.0,4956.120429737866,448.99720634639607,nan,nan,nan
449.0,4956.559225440487,449.01749186872735,nan,nan,nan
450.0,4956.993633186083,449.03757363289594,nan,nan,nan
451.0,4957.423696854222,449.0574536945709,nan,nan,nan
452.0,4957.84945988568,449.0771340885007,nan,nan,nan
453.0,4958.2709652868225,449.09661682873065,nan,nan,nan
454.0,4958.688255633954,449.11590390881634,nan,nan,nan
455.0,4959.101373077615,449.134997302036,nan,nan,nan
456.0,4959.510359346838,449.15389896160013,nan,nan,nan
457.0,4959.91525575337,449.1726108208586,nan,nan,nan
458.0,4960.316103195836,449.1911347935065,nan,nan,nan
459.0,4960.712942163877,449.2094727737866,nan,nan,nan
460.0,4961.105812742238,449.2276266366905,nan,nan,nan
461.0,4961.494754614816,449.2455982381574,nan,nan,nan
462.0,4961.879807068668,449.2633894152707,nan,nan,nan
463.0,4962.261008997982,449.2810019864522,nan,nan,nan
464.0,4962.638398908002,449.29843775165523,nan,nan,nan
465.0,4963.012014918922,449.3156984925545,nan,nan,nan
466.0,4963.381894769733,449.33278597273465,nan,nan,nan
467.0,4963.748075822035,449.349701937877,nan,nan,nan
468.0,4964.110595063815,449.3664481159434,nan,nan,nan
469.0,4964.469489113177,449.3830262173592,nan,nan,nan
470.0,4964.824794222045,449.3994379351936,nan,nan,nan
471.0,4965.176546279825,449.41568494533817,nan,nan,nan
472.0,4965.524780817027,449.4317689066837,nan,nan,nan
473.0,4965.869533008857,449.44769146129534,nan,nan,nan
474.0,4966.210837678768,449.4634542345852,nan,nan,nan
475.0,4966.5487293019805,449.47905883548367,nan,nan,nan
476.0,4966.883242008961,449.4945068566091,nan,nan,nan
477.0,4967.214409588872,449.5097998744351,nan,nan,nan
478.0,4967.542265492983,449.5249394494564,nan,nan,nan
479.0,4967.866842838052,449.5399271263531,nan,nan,nan
480.0,4968.188174409672,449.55476443415307,nan,nan,nan
481.0,4968.506292665575,449.56945288639224,nan,nan,nan
482.0,4968.821229738919,449.58399398127415,nan,nan,nan
483.0,4969.13301744153,449.59838920182676,nan,nan,nan
484.0,4969.4416872671145,449.6126400160582,nan,nan,nan
485.0,4969.747270394443,449.626747877111,nan,nan,nan
486.0,4970.049797690499,449.6407142234142,nan,nan,nan
487.0,4970.349299713594,449.6545404788343,nan,nan,nan
488.0,4970.645806716458,449.6682280528245,nan,nan,nan
489.0,4970.939348649293,449.68177834057224,nan,nan,nan
490.0,4971.229955162799,449.6951927231453,nan,nan,nan
491.0,4971.517655611171,449.7084725676365,nan,nan,nan
492.0,4971.802479055059,449.7216192273065,nan,nan,nan
493.0,4972.084454264508,449.7346340417257,nan,nan,nan
494.0,4972.363609721863,449.7475183369141,nan,nan,nan
495.0,4972.639973624645,449.7602734254798,nan,nan,nan
496.0,4972.913573888399,449.77290060675654,nan,nan,nan
497.0,4973.184438149515,449.785401166939,nan,nan,nan
498.0,4973.45259376802,449.79777637921734,nan,nan,nan
499.0,4973.71806783034,449.81002750391025,nan,nan,nan
500.0,4973.980887152037,449.8221557885961,nan,nan,nan
501.0,4974.241078280517,449.83416246824333,nan,nan,nan
502.0,4974.498667497712,449.8460487653392,nan,nan,nan
503.0,4974.753680822734,449.8578158900175,nan,nan,nan
504.0,4975.006144014506,449.86946504018397,nan,nan,nan
505.0,4975.256082574361,449.8809974016418,nan,nan,nan
506.0,4975.5035217486175,449.89241414821515,nan,nan,nan
507.0,4975.748486531132,449.90371644187064,nan,nan,nan
508.0,4975.9910016658205,449.9149054328392,nan,nan,nan
509.0,4976.231091649162,449.92598225973506,nan,nan,nan
510.0,4976.468780732671,449.9369480496748,nan,nan,nan
511.0,4976.704092925344,449.9478039183941,nan,nan,nan
512.0,4976.937051996091,449.95855097036383,nan,nan,nan
513.0,4977.16768147613,449.96919029890506,nan,nan,nan
514.0,4977.396004661369,449.9797229863027,nan,nan,nan
515.0,4977.622044614755,449.9901501039175,nan,nan,nan
516.0,4977.845824168608,450.0004727122977,nan,nan,nan
517.0,4978.067365926921,450.0106918612892,nan,nan,nan
518.0,4978.286692267652,450.0208085901442,nan,nan,nan
519.0,4978.503825344976,450.0308239276292,nan,nan,nan
520.0,4978.718787091526,450.0407388921319,nan,nan,nan
521.0,4978.93159922061,450.0505544917665,nan,nan,nan
522.0,4979.142283228404,450.06027172447835,nan,nan,nan
523.0,4979.35086039612,450.0698915781476,nan,nan,nan
524.0,4979.557351792158,450.07941503069117,nan,nan,nan
525.0,4979.761778274237,450.08884305016466,nan,nan,nan
526.0,4979.964160491495,450.0981765948619,nan,nan,nan
527.0,4980.1645188865805,450.1074166134148,nan,nan,nan
528.0,4980.362873697714,450.1165640448911,nan,nan,nan
529.0,4980.5592449607375,450.1256198188919,nan,nan,nan
530.0,4980.75365251113,450.13458485564763,nan,nan,nan
531.0,4980.946115986018,450.14346006611356,nan,nan,nan
532.0,4981.1366548261585,450.15224635206357,nan,nan,nan
533.0,4981.325288277897,450.16094460618365,nan,nan,nan
534.0,4981.512035395118,450.1695557121643,nan,nan,nan
535.0,4981.696915041167,450.17808054479156,nan,nan,nan
536.0,4981.879945890755,450.18651997003775,nan,nan,nan
537.0,4982.061146431847,450.1948748451505,nan,nan,nan
538.0,4982.240534967529,450.2031460187418,nan,nan,nan
539.0,4982.418129617854,450.2113343308752,nan,nan,nan
540.0,4982.593948321675,450.21944061315287,nan,nan,nan
541.0,4982.768008838459,450.227465688801,nan,nan,nan
542.0,4982.940328750074,450.2354103727552,nan,nan,nan
543.0,4983.110925462573,450.2432754717444,nan,nan,nan
544.0,4983.279816207947,450.2510617843741,nan,nan,nan
545.0,4983.4470180458675,450.2587701012086,nan,nan,nan
546.0,4983.6125478654085,450.2664012048526,nan,nan,nan
547.0,4983.776422386754,450.2739558700321,nan,nan,nan
548.0,4983.938658162887,450.28143486367367,nan,nan,nan
549.0,4984.099271581258,450.28883894498404,nan,nan,nan
550.0,4984.258278865445,450.2961688655282,nan,nan,nan
551.0,4984.4156960767905,450.3034253693065,nan,nan,nan
552.0,4984.571539116023,450.31060919283175,nan,nan,nan
553.0,4984.7258237248625,450.31772106520464,nan,nan,nan
554.0,4984.878565487614,450.32476170818893,nan,nan,nan
555.0,4985.029779832737,450.33173183628594,nan,nan,nan
556.0,4985.17948203441,450.33863215680765,nan,nan,nan
557.0,4985.327687214066,450.3454633699498,nan,nan,nan
558.0,4985.474410341925,450.3522261688641,nan,nan,nan
559.0,4985.619666238506,450.35892123972894,nan,nan,nan
560.0,4985.763469576122,450.36554926182055,nan,nan,nan
561.0,4985.90583488036,450.37211090758217,nan,nan,nan
562.0,4986.046776531556,450.3786068426939,nan,nan,nan
563.0,4986.1863087662405,450.38503772614064,nan,nan,nan
564.0,4986.324445678578,450.39140421028,nan,nan,nan
565.0,4986.461201221792,450.39770694090913,nan,nan,nan
566.0,4986.596589209575,450.40394655733144,nan,nan,nan
567.0,4986.730623317479,450.4101236924218,nan,nan,nan
568.0,4986.863317084304,450.41623897269176,nan,nan,nan
569.0,4986.994683913461,450.4222930183539,nan,nan,nan
570.0,4987.124737074327,450.42828644338556,nan,nan,nan
571.0,4987.253489703584,450.43421985559155,nan,nan,nan
572.0,4987.380954806548,450.44009385666686,nan,nan,nan
573.0,4987.5071452584825,450.44590904225817,nan,nan,nan
574.0,4987.632073805898,450.4516660020251,nan,nan,nan
575.0,4987.755753067839,450.4573653197008,nan,nan,nan
576.0,4987.8781955371605,450.46300757315123,nan,nan,nan
577.0,4987.999413581789,450.46859333443535,nan,nan,nan
578.0,4988.119419445971,450.47412316986293,nan,nan,nan
579.0,4988.238225251512,450.47959764005316,nan,nan,nan
580.0,4988.355842998996,450.4850172999917,nan,nan,nan
581.0,4988.472284569007,450.4903826990878,nan,nan,nan
582.0,4988.587561723317,450.49569438123063,nan,nan,nan
583.0,4988.701686106084,450.5009528848449,nan,nan,nan
584.0,4988.814669245023,450.5061587429458,nan,nan,nan
585.0,4988.926522552572,450.5113124831941,nan,nan,nan
586.0,4989.037257327047,450.5164146279499,nan,nan,nan
587.0,4989.146884753776,450.5214656943261,nan,nan,nan
588.0,4989.255415906238,450.52646619424115,nan,nan,nan
589.0,4989.362861747176,450.53141663447195,nan,nan,nan
590.0,4989.469233129704,450.5363175167053,nan,nan,nan
591.0,4989.574540798407,450.5411693375895,nan,nan,nan
592.0,4989.678795390423,450.54597258878493,nan,nan,nan
593.0,4989.782007436519,450.5507277570146,nan,nan,nan
594.0,4989.884187362154,450.5554353241137,nan,nan,nan
595.0,4989.985345488532,450.56009576707913,nan,nan,nan
596.0,4990.085492033647,450.564709558118,nan,nan,nan
597.0,4990.184637113311,450.56927716469636,nan,nan,nan
598.0,4990.282790742178,450.57379904958646,nan,nan,nan
599.0,4990.379962834756,450.5782756709144,nan,nan,nan
600.0,4990.476163206408,450.58270748220696,nan,nan,nan
601.0,4990.571401574344,450.5870949324378,nan,nan,nan
602.0,4990.6656875586,450.59143846607344,nan,nan,nan
603.0,4990.759030683014,450.5957385231186,nan,nan,nan
604.0,4990.851440376184,450.5999955391614,nan,nan,nan
605.0,4990.942925972422,450.60420994541755,nan,nan,nan
606.0,4991.033496712698,450.6083821687746,nan,nan,nan
607.0,4991.123161745571,450.61251263183544,nan,nan,nan
608.0,4991.2119301281155,450.61660175296146,nan,nan,nan
609.0,4991.299810826834,450.6206499463153,nan,nan,nan
610.0,4991.386812718565,450.62465762190345,nan,nan,nan
611.0,4991.47294459138,450.6286251856173,nan,nan,nan
612.0,4991.558215145466,450.6325530392754,nan,nan,nan
613.0,4991.642632994011,450.6364415806643,nan,nan,nan
614.0,4991.7262066640715,450.6402912035787,nan,nan,nan
615.0,4991.808944597431,450.6441022978621,nan,nan,nan
616.0,4991.890855151457,450.64787524944643,nan,nan,nan
617.0,4991.971946599942,450.6516104403913,nan,nan,nan
618.0,4992.052227133943,450.6553082489234,nan,nan,nan
619.0,4992.131704862604,450.65896904947454,nan,nan,nan
620.0,4992.210387813978,450.66259321272014,nan,nan,nan
621.0,4992.288283935838,450.666181105617,nan,nan,nan
622.0,4992.36540109648,450.6697330914408,nan,nan,nan
623.0,4992.441747085515,450.6732495298229,nan,nan,nan
624.0,4992.5173296146595,450.6767307767873,nan,nan,nan
625.0,4992.592156318513,450.68017718478677,nan,nan,nan
626.0,4992.666234755327,450.6835891027389,nan,nan,nan
627.0,4992.739572407774,450.6869668760614,nan,nan,nan
628.0,4992.812176683697,450.6903108467076,nan,nan,nan
629.0,4992.88405491686,450.69362135320114,nan,nan,nan
630.0,4992.955214367691,450.6968987306706,nan,nan,nan
631.0,4993.025662224014,450.70014331088356,nan,nan,nan
632.0,4993.095405601774,450.7033554222803,nan,nan,nan
633.0,4993.164451545756,450.7065353900074,nan,nan,nan
634.0,4993.232807030298,450.70968353595094,nan,nan,nan
635.0,4993.300478959995,450.71280017876916,nan,nan,nan
636.0,4993.367474170395,450.7158856339249,nan,nan,nan
637.0,4993.433799428692,450.7189402137178,nan,nan,nan
638.0,4993.499461434405,450.721964227316,nan,nan,nan
639.0,4993.564466820061,450.72495798078774,nan,nan,nan
640.0,4993.628822151861,450.7279217771324,nan,nan,nan
641.0,4993.6925339303425,450.73085591631167,nan,nan,nan
642.0,4993.755608591039,450.73376069527967,nan,nan,nan
643.0,4993.818052505128,450.7366364080133,nan,nan,nan
644.0,4993.879871980077,450.73948334554234,nan,nan,nan
645.0,4993.941073260276,450.74230179597885,nan,nan,nan
646.0,4994.001662527674,450.7450920445467,nan,nan,nan
647.0,4994.061645902397,450.7478543736105,nan,nan,nan
648.0,4994.121029443373,450.7505890627042,nan,nan,nan
649.0,4994.17981914894,450.7532963885597,nan,nan,nan
650.0,4994.23802095745,450.7559766251351,nan,nan,nan
651.0,4994.295640747876,450.7586300436422,nan,nan,nan
652.0,4994.352684340397,450.76125691257437,nan,nan,nan
653.0,4994.409157496993,450.7638574977341,nan,nan,nan
654.0,4994.465065922023,450.76643206225936,nan,nan,nan
655.0,4994.520415262803,450.76898086665096,nan,nan,nan
656.0,4994.575211110175,450.77150416879874,nan,nan,nan
657.0,4994.629458999073,450.7740022240081,nan,nan,nan
658.0,4994.683164409083,450.7764752850254,nan,nan,nan
659.0,4994.736332764992,450.7789236020644,nan,nan,nan
660.0,4994.788969437342,450.781347422831,nan,nan,nan
661.0,4994.841079742968,450.7837469925489,nan,nan,nan
662.0,4994.892668945538,450.78612255398434,nan,nan,nan
663.0,4994.943742256083,450.7884743474708,nan,nan,nan
664.0,4994.994304833523,450.7908026109334,nan,nan,nan
665.0,4995.044361785187,450.79310757991306,nan,nan,nan
666.0,4995.093918167335,450.7953894875907,nan,nan,nan
667.0,4995.142978985661,450.79764856481046,nan,nan,nan
668.0,4995.191549195804,450.7998850401037,nan,nan,nan
669.0,4995.239633703846,450.8020991397117,nan,nan,nan
670.0,4995.287237366808,450.80429108760916,nan,nan,nan
671.0,4995.334364993139,450.8064611055264,nan,nan,nan
672.0,4995.381021343208,450.8086094129725,nan,nan,nan
673.0,4995.427211129776,450.81073622725705,nan,nan,nan
674.0,4995.472939018478,450.81284176351255,nan,nan,nan
675.0,4995.518209628293,450.81492623471615,nan,nan,nan
676.0,4995.56302753201,450.8169898517113,nan,nan,nan
677.0,4995.60739725669,450.8190328232291,nan,nan,nan
678.0,4995.6513232841235,450.82105535590995,nan,nan,nan
679.0,4995.694810051282,450.82305765432363,nan,nan,nan
680.0,4995.737861950769,450.82503992099095,nan,nan,nan
681.0,4995.780483331261,450.82700235640374,nan,nan,nan
682.0,4995.822678497949,450.82894515904565,nan,nan,nan
683.0,4995.86445171297,450.8308685254119,nan,nan,nan
684.0,4995.90580719584,450.8327726500297,nan,nan,nan
685.0,4995.946749123881,450.8346577254773,nan,nan,nan
686.0,4995.987281632642,450.8365239424043,nan,nan,nan
687.0,4996.027408816316,450.8383714895506,nan,nan,nan
688.0,4996.067134728153,450.8402005537654,nan,nan,nan
689.0,4996.106463380872,450.8420113200267,nan,nan,nan
690.0,4996.145398747063,450.8438039714596,nan,nan,nan
691.0,4996.183944759592,450.84557868935497,nan,nan,nan
692.0,4996.2221053119965,450.8473356531881,nan,nan,nan
693.0,4996.259884258877,450.8490750406367,nan,nan,nan
694.0,4996.297285416288,450.8507970275989,nan,nan,nan
695.0,4996.334312562125,450.85250178821116,nan,nan,nan
696.0,4996.370969436503,450.8541894948661,nan,nan,nan
697.0,4996.407259742138,450.8558603182297,nan,nan,nan
698.0,4996.443187144717,450.8575144272588,nan,nan,nan
699.0,4996.47875527327,450.8591519892184,nan,nan,nan
700.0,4996.513967720537,450.860773169698,nan,nan,nan
701.0,4996.548828043332,450.8623781326292,nan,nan,nan
702.0,4996.5833397628985,450.8639670403019,nan,nan,nan
703.0,4996.61750636527,450.8655400533806,nan,nan,nan
704.0,4996.651331301618,450.8670973309212,nan,nan,nan
705.0,4996.684817988601,450.8686390303867,nan,nan,nan
706.0,4996.717969808715,450.87016530766334,nan,nan,nan
707.0,4996.750790110627,450.87167631707655,nan,nan,nan
708.0,4996.783282209521,450.87317221140626,nan,nan,nan
709.0,4996.815449387425,450.8746531419026,nan,nan,nan
710.0,4996.847294893551,450.8761192583013,nan,nan,nan
711.0,4996.878821944616,450.8775707088387,nan,nan,nan
712.0,4996.91003372517,450.879007640267,nan,nan,nan
713.0,4996.940933387918,450.8804301978689,nan,nan,nan
714.0,4996.971524054039,450.88183852547263,nan,nan,nan
715.0,4997.001808813498,450.88323276546606,nan,nan,nan
716.0,4997.031790725364,450.8846130588116,nan,nan,nan
717.0,4997.06147281811,450.8859795450603,nan,nan,nan
718.0,4997.090858089929,450.8873323623661,nan,nan,nan
719.0,4997.1199495090295,450.8886716474997,nan,nan,nan
720.0,4997.148750013939,450.8899975358622,nan,nan,nan
721.0,4997.1772625138,450.8913101614996,nan,nan,nan
722.0,4997.205489888662,450.8926096571155,nan,nan,nan
723.0,4997.233434989776,450.8938961540851,nan,nan,nan
724.0,4997.261100639877,450.89516978246843,nan,nan,nan
725.0,4997.288489633479,450.89643067102315,nan,nan,nan
726.0,4997.315604737144,450.8976789472182,nan,nan,nan
727.0,4997.342448689773,450.8989147372464,nan,nan,nan
728.0,4997.369024202875,450.9001381660372,nan,nan,nan
729.0,4997.395333960846,450.90134935726934,nan,nan,nan
730.0,4997.421380621237,450.9025484333836,nan,nan,nan
731.0,4997.447166815025,450.90373551559486,nan,nan,nan
732.0,4997.472695146876,450.90491072390483,nan,nan,nan
733.0,4997.497968195406,450.90607417711374,nan,nan,nan
734.0,4997.522988513452,450.9072259928327,nan,nan,nan
735.0,4997.547758628318,450.9083662874954,nan,nan,nan
736.0,4997.572281042035,450.90949517637034,nan,nan,nan
737.0,4997.596558231615,450.91061277357176,nan,nan,nan
738.0,4997.6205926492985,450.911719192072,nan,nan,nan
739.0,4997.644386722805,450.9128145437122,nan,nan,nan
740.0,4997.667942855577,450.9138989392143,nan,nan,nan
741.0,4997.691263427021,450.9149724881919,nan,nan,nan
742.0,4997.714350792751,450.9160352991614,nan,nan,nan
743.0,4997.737207284824,450.91708747955306,nan,nan,nan
744.0,4997.759835211976,450.91812913572164,nan,nan,nan
745.0,4997.782236859856,450.91916037295766,nan,nan,nan
746.0,4997.804414491257,450.9201812954976,nan,nan,nan
747.0,4997.826370346344,450.9211920065346,nan,nan,nan
748.0,4997.848106642881,450.9221926082292,nan,nan,nan
749.0,4997.869625576453,450.9231832017191,nan,nan,nan
750.0,4997.890929320688,450.9241638871299,nan,nan,nan
751.0,4997.912020027481,450.9251347635852,nan,nan,nan
752.0,4997.932899827206,450.92609592921633,nan,nan,nan
753.0,4997.953570828934,450.9270474811725,nan,nan,nan
754.0,4997.974035120645,450.92798951563066,nan,nan,nan
755.0,4997.994294769438,450.9289221278051,nan,nan,nan
756.0,4998.014351821744,450.92984541195733,nan,nan,nan
757.0,4998.034208303527,450.9307594614055,nan,nan,nan
758.0,4998.053866220492,450.9316643685336,nan,nan,nan
759.0,4998.073327558287,450.93256022480125,nan,nan,nan
760.0,4998.092594282704,450.9334471207526,nan,nan,nan
761.0,4998.111668339878,450.9343251460257,nan,nan,nan
762.0,4998.130551656479,450.9351943893616,nan,nan,nan
763.0,4998.149246139914,450.9360549386132,nan,nan,nan
764.0,4998.167753678515,450.9369068807542,nan,nan,nan
765.0,4998.186076141729,450.93775030188783,nan,nan,nan
766.0,4998.204215380312,450.9385852872558,nan,nan,nan
767.0,4998.222173226509,450.9394119212468,nan,nan,nan
768.0,4998.2399514942435,450.9402302874048,nan,nan,nan
769.0,4998.257551979301,450.9410404684379,nan,nan,nan
770.0,4998.274976459508,450.94184254622644,nan,nan,nan
771.0,4998.292226694914,450.9426366018315,nan,nan,nan
772.0,4998.309304427964,450.94342271550283,nan,nan,nan
773.0,4998.3262113836845,450.94420096668716,nan,nan,nan
774.0,4998.342949269848,450.9449714340363,nan,nan,nan
775.0,4998.359519777149,450.94573419541496,nan,nan,nan
776.0,4998.375924579378,450.9464893279086,nan,nan,nan
777.0,4998.392165333585,450.9472369078313,nan,nan,nan
778.0,4998.408243680249,450.9479770107337,nan,nan,nan
779.0,4998.424161243447,450.9487097114103,nan,nan,nan
780.0,4998.439919631012,450.94943508390713,nan,nan,nan
781.0,4998.4555204347025,450.95015320152936,nan,nan,nan
782.0,4998.470965230355,450.9508641368486,nan,nan,nan
783.0,4998.486255578052,450.95156796171034,nan,nan,nan
784.0,4998.501393022271,450.9522647472411,nan,nan,nan
785.0,4998.516379092049,450.95295456385577,nan,nan,nan
786.0,4998.531215301128,450.95363748126465,nan,nan,nan
787.0,4998.545903148117,450.95431356848036,nan,nan,nan
788.0,4998.560444116636,450.9549828938252,nan,nan,nan
789.0,4998.57483967547,450.95564552493784,nan,nan,nan
790.0,4998.589091278715,450.95630152877993,nan,nan,nan
791.0,4998.603200365928,450.9569509716434,nan,nan,nan
792.0,4998.617168362269,450.9575939191567,nan,nan,nan
793.0,4998.630996678646,450.9582304362916,nan,nan,nan
794.0,4998.644686711859,450.95886058737,nan,nan,nan
795.0,4998.658239844741,450.95948443607006,nan,nan,nan
796.0,4998.6716574462935,450.96010204543273,nan,nan,nan
797.0,4998.684940871831,450.96071347786835,nan,nan,nan
798.0,4998.698091463112,450.9613187951628,nan,nan,nan
799.0,4998.711110548481,450.9619180584838,nan,nan,nan
800.0,4998.7239994429965,450.9625113283869,nan,nan,nan
801.0,4998.736759448567,450.963098664822,nan,nan,nan
802.0,4998.749391854081,450.963680127139,nan,nan,nan
803.0,4998.76189793554,450.96425577409417,nan,nan,nan
804.0,4998.774278956184,450.9648256638558,nan,nan,nan
805.0,4998.786536166623,450.96538985401025,nan,nan,nan
806.0,4998.798670804957,450.96594840156763,nan,nan,nan
807.0,4998.810684096907,450.96650136296785,nan,nan,nan
808.0,4998.822577255938,450.967048794086,nan,nan,nan
809.0,4998.834351483379,450.9675907502382,nan,nan,nan
810.0,4998.846007968545,450.96812728618715,nan,nan,nan
811.0,4998.857547888859,450.9686584561477,nan,nan,nan
812.0,4998.86897240997,450.9691843137922,nan,nan,nan
813.0,4998.880282685871,450.9697049122561,nan,nan,nan
814.0,4998.891479859012,450.9702203041432,nan,nan,nan
815.0,4998.902565060422,450.97073054153105,nan,nan,nan
816.0,4998.9135394098175,450.97123567597623,nan,nan,nan
817.0,4998.924404015719,450.97173575851946,nan,nan,nan
818.0,4998.935159975562,450.9722308396909,nan,nan,nan
819.0,4998.945808375806,450.9727209695151,nan,nan,nan
820.0,4998.956350292048,450.9732061975162,nan,nan,nan
821.0,4998.966786789128,450.97368657272295,nan,nan,nan
822.0,4998.977118921236,450.97416214367337,nan,nan,nan
823.0,4998.987347732023,450.9746329584202,nan,nan,nan
824.0,4998.997474254703,450.97509906453524,nan,nan,nan
825.0,4999.007499512156,450.9755605091144,nan,nan,nan
826.0,4999.017424517035,450.97601733878264,nan,nan,nan
827.0,4999.027250271864,450.97646959969825,nan,nan,nan
828.0,4999.036977769146,450.97691733755784,nan,nan,nan
829.0,4999.046607991454,450.97736059760086,nan,nan,nan
830.0,4999.056141911539,450.9777994246141,nan,nan,nan
831.0,4999.065580492424,450.9782338629365,nan,nan,nan
832.0,4999.074924687499,450.9786639564634,nan,nan,nan
833.0,4999.084175440625,450.97908974865084,nan,nan,nan
834.0,4999.093333686218,450.97951128252026,nan,nan,nan
835.0,4999.102400349356,450.9799286006628,nan,nan,nan
836.0,4999.1113763458625,450.9803417452434,nan,nan,nan
837.0,4999.1202625824035,450.98075075800534,nan,nan,nan
838.0,4999.129059956579,450.9811556802741,nan,nan,nan
839.0,4999.137769357013,450.98155655296205,nan,nan,nan
840.0,4999.146391663443,450.9819534165719,nan,nan,nan
841.0,4999.154927746808,450.9823463112016,nan,nan,nan
842.0,4999.16337846934,450.9827352765477,nan,nan,nan
843.0,4999.171744684647,450.98312035190986,nan,nan,nan
844.0,4999.1800272378005,450.98350157619444,nan,nan,nan
845.0,4999.1882269654225,450.9838789879186,nan,nan,nan
846.0,4999.196344695768,450.98425262521437,nan,nan,nan
847.0,4999.20438124881,450.98462252583215,nan,nan,nan
848.0,4999.212337436322,450.98498872714487,nan,nan,nan
849.0,4999.220214061958,450.98535126615144,nan,nan,nan
850.0,4999.228011921339,450.9857101794808,nan,nan,nan
851.0,4999.235731802126,450.9860655033954,nan,nan,nan
852.0,4999.243374484105,450.9864172737951,nan,nan,nan
853.0,4999.250940739264,450.98676552622044,nan,nan,nan
854.0,4999.258431331871,450.9871102958565,nan,nan,nan
855.0,4999.265847018552,450.9874516175365,nan,nan,nan
856.0,4999.273188548367,450.98778952574526,nan,nan,nan
857.0,4999.280456662884,450.9881240546224,nan,nan,nan
858.0,4999.2876520962545,450.98845523796626,nan,nan,nan
859.0,4999.294775575292,450.98878310923703,nan,nan,nan
860.0,4999.3018278195395,450.98910770156033,nan,nan,nan
861.0,4999.308809541344,450.9894290477302,nan,nan,nan
862.0,4999.315721445931,450.98974718021276,nan,nan,nan
863.0,4999.322564231471,450.99006213114933,nan,nan,nan
864.0,4999.329338589157,450.99037393235983,nan,nan,nan
865.0,4999.336045203265,450.99068261534586,nan,nan,nan
866.0,4999.342684751232,450.9909882112938,nan,nan,nan
867.0,4999.349257903719,450.9912907510783,nan,nan,nan
868.0,4999.355765324682,450.9915902652649,nan,nan,nan
869.0,4999.362207671435,450.9918867841137,nan,nan,nan
870.0,4999.368585594721,450.9921803375819,nan,nan,nan
871.0,4999.374899738774,450.99247095532724,nan,nan,nan
872.0,4999.381150741386,450.99275866671053,nan,nan,nan
873.0,4999.387339233972,450.99304350079916,nan,nan,nan
874.0,4999.393465841632,450.99332548636966,nan,nan,nan
875.0,4999.399531183216,450.9936046519107,nan,nan,nan
876.0,4999.405535871384,450.9938810256261,nan,nan,nan
877.0,4999.41148051267,450.99415463543744,nan,nan,nan
878.0,4999.4173657075435,450.99442550898715,nan,nan,nan
879.0,4999.423192050468,450.99469367364105,nan,nan,nan
880.0,4999.428960129963,450.99495915649135,nan,nan,nan
881.0,4999.434670528663,450.9952219843591,nan,nan,nan
882.0,4999.440323823377,450.99548218379726,nan,nan,nan
883.0,4999.4459205851435,450.99573978109316,nan,nan,nan
884.0,4999.451461379292,450.9959948022711,nan,nan,nan
885.0,4999.456946765499,450.9962472730952,nan,nan,nan
886.0,4999.462377297844,450.9964972190718,nan,nan,nan
887.0,4999.467753524866,450.9967446654521,nan,nan,nan
888.0,4999.473075989617,450.99698963723495,nan,nan,nan
889.0,4999.4783452297215,450.9972321591688,nan,nan,nan
890.0,4999.483561777424,450.9974722557548,nan,nan,nan
891.0,4999.4887261596505,450.997709951249,nan,nan,nan
892.0,4999.493838898054,450.9979452696648,nan,nan,nan
893.0,4999.498900509073,450.9981782347755,nan,nan,nan
894.0,4999.503911503982,450.99840887011646,nan,nan,nan
895.0,4999.508872388942,450.9986371989878,nan,nan,nan
896.0,4999.513783665053,450.9988632444566,nan,nan,nan
897.0,4999.518645828402,450.99908702935903,nan,nan,nan
898.0,4999.523459370119,450.99930857630306,nan,nan,nan
899.0,4999.528224776418,450.9995279076704,nan,nan,nan
900.0,4999.532942528654,450.999745045619,nan,nan,nan
901.0,4999.537613103367,450.9999600120851,nan,nan,nan
902.0,4999.542236972334,451.00017282878565,nan,nan,nan
903.0,4999.5468146026105,451.00038351722014,nan,nan,nan
904.0,4999.551346456585,451.00059209867334,nan,nan,nan
905.0,4999.555832992019,451.000798594217,nan,nan,nan
906.0,4999.560274662099,451.001003024712,nan,nan,nan
907.0,4999.564671915477,451.0012054108108,nan,nan,nan
908.0,4999.569025196322,451.0014057729591,nan,nan,nan
909.0,4999.573334944359,451.00160413139827,nan,nan,nan
910.0,4999.577601594915,451.001800506167,nan,nan,nan
911.0,4999.581825578965,451.0019949171038,nan,nan,nan
912.0,4999.586007323176,451.00218738384865,nan,nan,nan
913.0,4999.5901472499445,451.00237792584517,nan,nan,nan
914.0,4999.594245777445,451.0025665623424,nan,nan,nan
915.0,4999.598303319671,451.002753312397,nan,nan,nan
916.0,4999.602320286474,451.0029381948748,nan,nan,nan
917.0,4999.60629708361,451.0031212284531,nan,nan,nan
918.0,4999.610234112774,451.00330243162244,nan,nan,nan
919.0,4999.6141317716465,451.0034818226884,nan,nan,nan
920.0,4999.61799045393,451.0036594197734,nan,nan,nan
921.0,4999.621810549391,451.0038352408186,nan,nan,nan
922.0,4999.6255924438965,451.0040093035858,nan,nan,nan
923.0,4999.629336519458,451.00418162565916,nan,nan,nan
924.0,4999.633043154263,451.0043522244469,nan,nan,nan
925.0,4999.63671272272,451.00452111718323,nan,nan,nan
926.0,4999.640345595493,451.0046883209298,nan,nan,nan
927.0,4999.643942139538,451.00485385257787,nan,nan,nan
928.0,4999.647502718142,451.00501772884957,nan,nan,nan
929.0,4999.651027690961,451.0051799662999,nan,nan,nan
930.0,4999.654517414052,451.00534058131825,nan,nan,nan
931.0,4999.657972239911,451.00549959013006,nan,nan,nan
932.0,4999.661392517512,451.0056570087985,nan,nan,nan
933.0,4999.664778592336,451.0058128532261,nan,nan,nan
934.0,4999.668130806413,451.0059671391563,nan,nan,nan
935.0,4999.671449498348,451.0061198821753,nan,nan,nan
936.0,4999.674735003365,451.0062710977131,nan,nan,nan
937.0,4999.677987653331,451.0064208010456,nan,nan,nan
938.0,4999.681207776797,451.00656900729575,nan,nan,nan
939.0,4999.68439569903,451.0067157314354,nan,nan,nan
940.0,4999.687551742039,451.0068609882867,nan,nan,nan
941.0,4999.690676224619,451.0070047925234,nan,nan,nan
942.0,4999.693769462373,451.0071471586725,nan,nan,nan
943.0,4999.696831767749,451.00728810111593,nan,nan,nan
944.0,4999.6998634500715,451.00742763409147,nan,nan,nan
945.0,4999.702864815571,451.00756577169466,nan,nan,nan
946.0,4999.705836167415,451.00770252788016,nan,nan,nan
947.0,4999.708777805741,451.0078379164629,nan,nan,nan
948.0,4999.711690027684,451.0079719511199,nan,nan,nan
949.0,4999.714573127408,451.00810464539103,nan,nan,nan
950.0,4999.717427396134,451.008236012681,nan,nan,nan
951.0,4999.720253122172,451.0083660662603,nan,nan,nan
952.0,4999.72305059095,451.00849481926684,nan,nan,nan
953.0,4999.725820085041,451.00862228470714,nan,nan,nan
954.0,4999.728561884191,451.0087484754576,nan,nan,nan
955.0,4999.731276265349,451.0088734042657,nan,nan,nan
956.0,4999.733963502696,451.0089970837517,nan,nan,nan
957.0,4999.736623867669,451.00911952640934,nan,nan,nan
958.0,4999.739257628992,451.0092407446077,nan,nan,nan
959.0,4999.741865052702,451.00936075059195,nan,nan,nan
960.0,4999.7444464021755,451.00947955648496,nan,nan,nan
961.0,4999.7470019381535,451.00959717428816,nan,nan,nan
962.0,4999.749531918772,451.009713615883,nan,nan,nan
963.0,4999.752036599584,451.00982889303236,nan,nan,nan
964.0,4999.754516233588,451.00994301738115,nan,nan,nan
965.0,4999.756971071252,451.010056000458,nan,nan,nan
966.0,4999.759401360539,451.01016785367625,nan,nan,nan
967.0,4999.761807346934,451.010278588335,nan,nan,nan
968.0,4999.764189273465,451.0103882156203,nan,nan,nan
969.0,4999.76654738073,451.01049674660646,nan,nan,nan
970.0,4999.768881906923,451.0106041922571,nan,nan,nan
971.0,4999.771193087853,451.010710563426,nan,nan,nan
972.0,4999.773481156974,451.01081587085855,nan,nan,nan
973.0,4999.7757463454045,451.0109201251925,nan,nan,nan
974.0,4999.7779888819505,451.0110233369594,nan,nan,nan
975.0,4999.780208993131,451.01112551658525,nan,nan,nan
976.0,4999.782406903199,451.01122667439216,nan,nan,nan
977.0,4999.784582834168,451.0113268205986,nan,nan,nan
978.0,4999.786737005827,451.01142596532105,nan,nan,nan
979.0,4999.788869635769,451.0115241185748,nan,nan,nan
980.0,4999.7909809394105,451.011621290275,nan,nan,nan
981.0,4999.793071130016,451.0117174902375,nan,nan,nan
982.0,4999.795140418716,451.0118127281802,nan,nan,nan
983.0,4999.797189014529,451.01190701372366,nan,nan,nan
984.0,4999.799217124384,451.01200035639226,nan,nan,nan
985.0,4999.80122495314,451.0120927656152,nan,nan,nan
986.0,4999.803212703609,451.0121842507272,nan,nan,nan
987.0,4999.805180576573,451.0122748209698,nan,nan,nan
988.0,4999.807128770807,451.01236448549207,nan,nan,nan
989.0,4999.809057483099,451.0124532533515,nan,nan,nan
990.0,4999.810966908269,451.01254113351513,nan,nan,nan
991.0,4999.812857239186,451.0126281348603,nan,nan,nan
992.0,4999.8147286667945,451.0127142661755,nan,nan,nan
993.0,4999.816581380127,451.0127995361613,nan,nan,nan
994.0,4999.818415566326,451.0128839534314,nan,nan,nan
995.0,4999.820231410662,451.0129675265132,nan,nan,nan
996.0,4999.8220290965555,451.01305026384887,nan,nan,nan
997.0,4999.82380880559,451.0131321737963,nan,nan,nan
998.0,4999.825570717534,451.01321326462954,nan,nan,nan
999.0,4999.827315010359,451.0132935445401,nan,nan,nan
